Identifier,Monthly Reporting Period,Channel,Seller Name,Servicer Name,Master Servicer,Original Interest Rate,Current Interest Rate,Spread,Original UPB,UPB at Issuance,Current Actual UPB,Original Loan Term,Origination Date,First Payment Date,Loan Age,Remaining Months to Legal Maturity,Remaining Months To Maturity,Maturity Date,Original LTV,Oringal CLTV,Number of Borrowers,Debt-To-Income,Borrower Credit Score at Origination,Co-Borrower Credit Score at Origination,First Time Home Buyer Indicator,Loan Purpose,Property Type,Number of Units,Occupancy Status,Property State,MSA_code,Zip Code Short,Mortgage Insurance Percentage,Amortization Type,Prepayment Penalty Indicator,Interest Only Loan Indicator,Interest Only First Principal And Interest Payment Date,Months to Amortization,Current Loan Delinquency Status,Loan Payment History,Modification Flag,,,,,,,,,,,,,,,,,,,,,,,,,,,,,,,,,,,,,,,,,,,,,,,,,,,,,,,,,,,,,,,,
100023000000,82009,R,Other,Other,,5.375,5.375,0,55000,,0,240,82009,102009,-1,241,240,92029,55,55,1,36,714,,N,C,SF,1,P,OH,17140,452,,FRM,N,N,,,0,,N,,,,,,,,,,,,,,,,,,,,,,,,,,,,,,,,N,,,,,,,N,,,,,,N,,,,,,,,,,,,,,,,N,,,
100023000000,92009,R,Other,Other,,5.375,5.375,0,55000,,0,240,82009,102009,0,240,240,92029,55,55,1,36,714,,N,C,SF,1,P,OH,17140,452,,FRM,N,N,,,0,,N,,,,,,,,,,,,,,,,,,,,,,,,,,,,,,,,N,,,,,,,N,,,,,,N,,,,,,,,,,,,,,,,N,,,
100023000000,102009,R,Other,Other,,5.375,5.375,0,55000,,0,240,82009,102009,1,239,238,92029,55,55,1,36,714,,N,C,SF,1,P,OH,17140,452,,FRM,N,N,,,0,,N,,,,,,,,,,,,,,,,,,,,,,,,,,,,,,,,N,,,,,,,N,,,,,,N,,,,,,,,,,,,,,,,N,,,
100023000000,112009,R,Other,Other,,5.375,5.375,0,55000,,0,240,82009,102009,2,238,238,92029,55,55,1,36,714,,N,C,SF,1,P,OH,17140,452,,FRM,N,N,,,0,,N,,,,,,,,,,,,,,,,,,,,,,,,,,,,,,,,N,,,,,,,N,,,,,,N,,,,,,,,,,,,,,,,N,,,
100023000000,122009,R,Other,Other,,5.375,5.375,0,55000,,0,240,82009,102009,3,237,236,92029,55,55,1,36,714,,N,C,SF,1,P,OH,17140,452,,FRM,N,N,,,0,,N,,,,,,,,,,,,,,,,,,,,,,,,,,,,,,,,N,,,,,,,N,,,,,,N,,,,,,,,,,,,,,,,N,,,
100023000000,12010,R,Other,Other,,5.375,5.375,0,55000,,0,240,82009,102009,4,236,235,92029,55,55,1,36,714,,N,C,SF,1,P,OH,17140,452,,FRM,N,N,,,0,,N,,,,,,,,,,,,,,,,,,,,,,,,,,,,,,,,N,,,,,,,N,,,,,,N,,,,,,,,,,,,,,,,N,,,
100023000000,22010,R,Other,Other,,5.375,5.375,0,55000,,54350.98,240,82009,102009,5,235,235,92029,55,55,1,36,714,,N,C,SF,1,P,OH,17140,452,,FRM,N,N,,,0,,N,,,,,,,,,,,,,,,,,,,,,,,,,,,,,,,,N,,,,,,,N,,,,,,N,,,,,,,,,,,,,,,,N,,,
100023000000,32010,R,Other,Other,,5.375,5.375,0,55000,,54219.43,240,82009,102009,6,234,234,92029,55,55,1,36,714,,N,C,SF,1,P,OH,17140,452,,FRM,N,N,,,0,,N,,,,,,,,,,,,,,,,,,,,,,,,,,,,,,,,N,,,,,,,N,,,,,,N,,,,,,,,,,,,,,,,N,,,
100023000000,42010,R,Other,Other,,5.375,5.375,0,55000,,53954.56,240,82009,102009,7,233,232,92029,55,55,1,36,714,,N,C,SF,1,P,OH,17140,452,,FRM,N,N,,,0,,N,,,,,,,,,,,,,,,,,,,,,,,,,,,,,,,,N,,,,,,,N,,,,,,N,,,,,,,,,,,,,,,,N,,,
100023000000,52010,R,Other,Other,,5.375,5.375,0,55000,,53954.56,240,82009,102009,8,232,232,92029,55,55,1,36,714,,N,C,SF,1,P,OH,17140,452,,FRM,N,N,,,0,,N,,,,,,,,,,,,,,,,,,,,,,,,,,,,,,,,N,,,,,,,N,,,,,,N,,,,,,,,,,,,,,,,N,,,
100023000000,62010,R,Other,Other,,5.375,5.375,0,55000,,53821.23,240,82009,102009,9,231,231,92029,55,55,1,36,714,,N,C,SF,1,P,OH,17140,452,,FRM,N,N,,,0,,N,,,,,,,,,,,,,,,,,,,,,,,,,,,,,,,,N,,,,,,,N,,,,,,N,,,,,,,,,,,,,,,,N,,,
100023000000,72010,R,Other,Other,,5.375,5.375,0,55000,,53552.78,240,82009,102009,10,230,229,92029,55,55,1,36,714,,N,C,SF,1,P,OH,17140,452,,FRM,N,N,,,0,,N,,,,,,,,,,,,,,,,,,,,,,,,,,,,,,,,N,,,,,,,N,,,,,,N,,,,,,,,,,,,,,,,N,,,
100023000000,82010,R,Other,Other,,5.375,5.375,0,55000,,53552.78,240,82009,102009,11,229,229,92029,55,55,1,36,714,,N,C,SF,1,P,OH,17140,452,,FRM,N,N,,,0,,N,,,,,,,,,,,,,,,,,,,,,,,,,,,,,,,,N,,,,,,,N,,,,,,N,,,,,,,,,,,,,,,,N,,,
100023000000,92010,R,Other,Other,,5.375,5.375,0,55000,,53281.91,240,82009,102009,12,228,227,92029,55,55,1,36,714,,N,C,SF,1,P,OH,17140,452,,FRM,N,N,,,0,,N,,,,,,,,,,,,,,,,,,,,,,,,,,,,,,,,N,,,,,,,N,,,,,,N,,,,,,,,,,,,,,,,N,,,
100023000000,102010,R,Other,Other,,5.375,5.375,0,55000,,53281.91,240,82009,102009,13,227,227,92029,55,55,1,36,714,,N,C,SF,1,P,OH,17140,452,,FRM,N,N,,,0,,N,,,,,,,,,,,,,,,,,,,,,,,,,,,,,,,,N,,,,,,,N,,,,,,N,,,,,,,,,,,,,,,,N,,,
100023000000,112010,R,Other,Other,,5.375,5.375,0,55000,,53145.57,240,82009,102009,14,226,226,92029,55,55,1,36,714,,N,C,SF,1,P,OH,17140,452,,FRM,N,N,,,0,,N,,,,,,,,,,,,,,,,,,,,,,,,,,,,,,,,N,,,,,,,N,,,,,,N,,,,,,,,,,,,,,,,N,,,
100023000000,122010,R,Other,Other,,5.375,5.375,0,55000,,52871.05,240,82009,102009,15,225,224,92029,55,55,1,36,714,,N,C,SF,1,P,OH,17140,452,,FRM,N,N,,,0,,N,,,,,,,,,,,,,,,,,,,,,,,,,,,,,,,,N,,,,,,,N,,,,,,N,,,,,,,,,,,,,,,,N,,,
100023000000,12011,R,Other,Other,,5.375,5.375,0,55000,,52871.05,240,82009,102009,16,224,224,92029,55,55,1,36,714,,N,C,SF,1,P,OH,17140,452,,FRM,N,N,,,0,,N,,,,,,,,,,,,,,,,,,,,,,,,,,,,,,,,N,,,,,,,N,,,,,,N,,,,,,,,,,,,,,,,N,,,
100023000000,22011,R,Other,Other,,5.375,5.375,0,55000,,52732.87,240,82009,102009,17,223,223,92029,55,55,1,36,714,,N,C,SF,1,P,OH,17140,452,,FRM,N,N,,,0,,N,,,,,,,,,,,,,,,,,,,,,,,,,,,,,,,,N,,,,,,,N,,,,,,N,,,,,,,,,,,,,,,,N,,,
100023000000,32011,R,Other,Other,,5.375,5.375,0,55000,,52594.07,240,82009,102009,18,222,222,92029,55,55,1,36,714,,N,C,SF,1,P,OH,17140,452,,FRM,N,N,,,0,,N,,,,,,,,,,,,,,,,,,,,,,,,,,,,,,,,N,,,,,,,N,,,,,,N,,,,,,,,,,,,,,,,N,,,
100023000000,42011,R,Other,Other,,5.375,5.375,0,55000,,52314.6,240,82009,102009,19,221,220,92029,55,55,1,36,714,,N,C,SF,1,P,OH,17140,452,,FRM,N,N,,,0,,N,,,,,,,,,,,,,,,,,,,,,,,,,,,,,,,,N,,,,,,,N,,,,,,N,,,,,,,,,,,,,,,,N,,,
100023000000,52011,R,Other,Other,,5.375,5.375,0,55000,,52314.6,240,82009,102009,20,220,220,92029,55,55,1,36,714,,N,C,SF,1,P,OH,17140,452,,FRM,N,N,,,0,,N,,,,,,,,,,,,,,,,,,,,,,,,,,,,,,,,N,,,,,,,N,,,,,,N,,,,,,,,,,,,,,,,N,,,
100023000000,62011,R,Other,Other,,5.375,5.375,0,55000,,52032.62,240,82009,102009,21,219,218,92029,55,55,1,36,714,,N,C,SF,1,P,OH,17140,452,,FRM,N,N,,,0,,N,,,,,,,,,,,,,,,,,,,,,,,,,,,,,,,,N,,,,,,,N,,,,,,N,,,,,,,,,,,,,,,,N,,,
100023000000,72011,R,Other,Other,,5.375,5.375,0,55000,,52032.62,240,82009,102009,22,218,218,92029,55,55,1,36,714,,N,C,SF,1,P,OH,17140,452,,FRM,N,N,,,0,,N,,,,,,,,,,,,,,,,,,,,,,,,,,,,,,,,N,,,,,,,N,,,,,,N,,,,,,,,,,,,,,,,N,,,
100023000000,82011,R,Other,Other,,5.375,5.375,0,55000,,51890.69,240,82009,102009,23,217,217,92029,55,55,1,36,714,,N,C,SF,1,P,OH,17140,452,,FRM,N,N,,,0,,N,,,,,,,,,,,,,,,,,,,,,,,,,,,,,,,,N,,,,,,,N,,,,,,N,,,,,,,,,,,,,,,,N,,,
100023000000,92011,R,Other,Other,,5.375,5.375,0,55000,,51604.9,240,82009,102009,24,216,215,92029,55,55,1,36,714,,N,C,SF,1,P,OH,17140,452,,FRM,N,N,,,0,,N,,,,,,,,,,,,,,,,,,,,,,,,,,,,,,,,N,,,,,,,N,,,,,,N,,,,,,,,,,,,,,,,N,,,
100023000000,102011,R,Other,Other,,5.375,5.375,0,55000,,51604.9,240,82009,102009,25,215,215,92029,55,55,1,36,714,,N,C,SF,1,P,OH,17140,452,,FRM,N,N,,,0,,N,,,,,,,,,,,,,,,,,,,,,,,,,,,,,,,,N,,,,,,,N,,,,,,N,,,,,,,,,,,,,,,,N,,,
100023000000,112011,R,Other,Other,,5.375,5.375,0,55000,,51461.05,240,82009,102009,26,214,214,92029,55,55,1,36,714,,N,C,SF,1,P,OH,17140,452,,FRM,N,N,,,0,,N,,,,,,,,,,,,,,,,,,,,,,,,,,,,,,,,N,,,,,,,N,,,,,,N,,,,,,,,,,,,,,,,N,,,
100023000000,122011,R,Other,Other,,5.375,5.375,0,55000,,51171.41,240,82009,102009,27,213,212,92029,55,55,1,36,714,,N,C,SF,1,P,OH,17140,452,,FRM,N,N,,,0,,N,,,,,,,,,,,,,,,,,,,,,,,,,,,,,,,,N,,,,,,,N,,,,,,N,,,,,,,,,,,,,,,,N,,,
100023000000,12012,R,Other,Other,,5.375,5.375,0,55000,,51171.41,240,82009,102009,28,212,212,92029,55,55,1,36,714,,N,C,SF,1,P,OH,17140,452,,FRM,N,N,,,0,,N,,,,,,,,,,,,,,,,,,,,,,,,,,,,,,,,N,,,,,,,N,,,,,,N,,,,,,,,,,,,,,,,N,,,
100023000000,22012,R,Other,Other,,5.375,5.375,0,55000,,51025.61,240,82009,102009,29,211,211,92029,55,55,1,36,714,,N,C,SF,1,P,OH,17140,452,,FRM,N,N,,,0,,N,,,,,,,,,,,,,,,,,,,,,,,,,,,,,,,,N,,,,,,,N,,,,,,N,,,,,,,,,,,,,,,,N,,,
100023000000,32012,R,Other,Other,,5.375,5.375,0,55000,,50732.06,240,82009,102009,30,210,209,92029,55,55,1,36,714,,N,C,SF,1,P,OH,17140,452,,FRM,N,N,,,0,,N,,,,,,,,,,,,,,,,,,,,,,,,,,,,,,,,N,,,,,,,N,,,,,,N,,,,,,,,,,,,,,,,N,,,
100023000000,42012,R,Other,Other,,5.375,5.375,0,55000,,50732.06,240,82009,102009,31,209,209,92029,55,55,1,36,714,,N,C,SF,1,P,OH,17140,452,,FRM,N,N,,,0,,N,,,,,,,,,,,,,,,,,,,,,,,,,,,,,,,,N,,,,,,,N,,,,,,N,,,,,,,,,,,,,,,,N,,,
100023000000,52012,R,Other,Other,,5.375,5.375,0,55000,,50584.3,240,82009,102009,32,208,208,92029,55,55,1,36,714,,N,C,SF,1,P,OH,17140,452,,FRM,N,N,,,0,,N,,,,,,,,,,,,,,,,,,,,,,,,,,,,,,,,N,,,,,,,N,,,,,,N,,,,,,,,,,,,,,,,N,,,
100023000000,62012,R,Other,Other,,5.375,5.375,0,55000,,50286.78,240,82009,102009,33,207,206,92029,55,55,1,36,714,,N,C,SF,1,P,OH,17140,452,,FRM,N,N,,,0,,N,,,,,,,,,,,,,,,,,,,,,,,,,,,,,,,,N,,,,,,,N,,,,,,N,,,,,,,,,,,,,,,,N,,,
100023000000,72012,R,Other,Other,,5.375,5.375,0,55000,,50286.78,240,82009,102009,34,206,206,92029,55,55,1,36,714,,N,C,SF,1,P,OH,17140,452,,FRM,N,N,,,0,,N,,,,,,,,,,,,,,,,,,,,,,,,,,,,,,,,N,,,,,,,N,,,,,,N,,,,,,,,,,,,,,,,N,,,
100023000000,82012,R,Other,Other,,5.375,5.375,0,55000,,49986.6,240,82009,102009,35,205,204,92029,55,55,1,36,714,,N,C,SF,1,P,OH,17140,452,,FRM,N,N,,,0,,N,,,,,,,,,,,,,,,,,,,,,,,,,,,,,,,,N,,,,,,,N,,,,,,N,,,,,,,,,,,,,,,,N,,,
100023000000,92012,R,Other,Other,,5.375,5.375,0,55000,,49986.6,240,82009,102009,36,204,204,92029,55,55,1,36,714,,N,C,SF,1,P,OH,17140,452,,FRM,N,N,,,0,,N,,,,,,,,,,,,,,,,,,,,,,,,,,,,,,,,N,,,,,,,N,,,,,,N,,,,,,,,,,,,,,,,N,,,
100023000000,102012,R,Other,Other,,5.375,5.375,0,55000,,49835.5,240,82009,102009,37,203,203,92029,55,55,1,36,714,,N,C,SF,1,P,OH,17140,452,,FRM,N,N,,,0,,N,,,,,,,,,,,,,,,,,,,,,,,,,,,,,,,,N,,,,,,,N,,,,,,N,,,,,,,,,,,,,,,,N,,,
100023000000,112012,R,Other,Other,,5.375,5.375,0,55000,,49531.26,240,82009,102009,38,202,201,92029,55,55,1,36,714,,N,C,SF,1,P,OH,17140,452,,FRM,N,N,,,0,,N,,,,,,,,,,,,,,,,,,,,,,,,,,,,,,,,N,,,,,,,N,,,,,,N,,,,,,,,,,,,,,,,N,,,
100023000000,122012,R,Other,Other,,5.375,5.375,0,55000,,49531.26,240,82009,102009,39,201,201,92029,55,55,1,36,714,,N,C,SF,1,P,OH,17140,452,,FRM,N,N,,,0,,N,,,,,,,,,,,,,,,,,,,,,,,,,,,,,,,,N,,,,,,,N,,,,,,N,,,,,,,,,,,,,,,,N,,,
100023000000,12013,R,Other,Other,,5.375,5.375,0,55000,,49378.12,240,82009,102009,40,200,200,92029,55,55,1,36,714,,N,C,SF,1,P,OH,17140,452,,FRM,N,N,,,0,,N,,,,,,,,,,,,,,,,,,,,,,,,,,,,,,,,N,,,,,,,N,,,,,,N,,,,,,,,,,,,,,,,N,,,
100023000000,22013,R,Other,Other,,5.375,5.375,0,55000,,49224.29,240,82009,102009,41,199,199,92029,55,55,1,36,714,,N,C,SF,1,P,OH,17140,452,,FRM,N,N,,,0,,N,,,,,,,,,,,,,,,,,,,,,,,,,,,,,,,,N,,,,,,,N,,,,,,N,,,,,,,,,,,,,,,,N,,,
100023000000,32013,R,Other,Other,,5.375,5.375,0,55000,,49069.78,240,82009,102009,42,198,198,92029,55,55,1,36,714,,N,C,SF,1,P,OH,17140,452,,FRM,N,N,,,0,,N,,,,,,,,,,,,,,,,,,,,,,,,,,,,,,,,N,,,,,,,N,,,,,,N,,,,,,,,,,,,,,,,N,,,
100023000000,42013,R,Other,Other,,5.375,5.375,0,55000,,48914.57,240,82009,102009,43,197,197,92029,55,55,1,36,714,,N,C,SF,1,P,OH,17140,452,,FRM,N,N,,,0,,N,,,,,,,,,,,,,,,,,,,,,,,,,,,,,,,,N,,,,,,,N,,,,,,N,,,,,,,,,,,,,,,,N,,,
100023000000,52013,R,Other,Other,,5.375,5.375,0,55000,,48758.66,240,82009,102009,44,196,196,92029,55,55,1,36,714,,N,C,SF,1,P,OH,17140,452,,FRM,N,N,,,0,,N,,,,,,,,,,,,,,,,,,,,,,,,,,,,,,,,N,,,,,,,N,,,,,,N,,,,,,,,,,,,,,,,N,,,
100023000000,62013,R,Other,Other,,5.375,5.375,0,55000,,48602.06,240,82009,102009,45,195,195,92029,55,55,1,36,714,,N,C,SF,1,P,OH,17140,452,,FRM,N,N,,,0,,N,,,,,,,,,,,,,,,,,,,,,,,,,,,,,,,,N,,,,,,,N,,,,,,N,,,,,,,,,,,,,,,,N,,,
100023000000,72013,R,Other,Other,,5.375,5.375,0,55000,,48444.76,240,82009,102009,46,194,194,92029,55,55,1,36,714,,N,C,SF,1,P,OH,17140,452,,FRM,N,N,,,0,,N,,,,,,,,,,,,,,,,,,,,,,,,,,,,,,,,N,,,,,,,N,,,,,,N,,,,,,,,,,,,,,,,N,,,
100023000000,82013,R,Other,Other,,5.375,5.375,0,55000,,48128.04,240,82009,102009,47,193,192,92029,55,55,1,36,714,,N,C,SF,1,P,OH,17140,452,,FRM,N,N,,,0,,N,,,,,,,,,,,,,,,,,,,,,,,,,,,,,,,,N,,,,,,,N,,,,,,N,,,,,,,,,,,,,,,,N,,,
100023000000,92013,R,Other,Other,,5.375,5.375,0,55000,,48128.04,240,82009,102009,48,192,192,92029,55,55,1,36,714,,N,C,SF,1,P,OH,17140,452,,FRM,N,N,,,0,,N,,,,,,,,,,,,,,,,,,,,,,,,,,,,,,,,N,,,,,,,N,,,,,,N,,,,,,,,,,,,,,,,N,,,
100023000000,102013,R,Other,Other,,5.375,5.375,0,55000,,47968.61,240,82009,102009,49,191,191,92029,55,55,1,36,714,,N,C,SF,1,P,OH,17140,452,,FRM,N,N,,,0,,N,,,,,,,,,,,,,,,,,,,,,,,,,,,,,,,,N,,,,,,,N,,,,,,N,,,,,,,,,,,,,,,,N,,,
100023000000,112013,R,Other,Other,,5.375,5.375,0,55000,,47647.61,240,82009,102009,50,190,189,92029,55,55,1,36,714,,N,C,SF,1,P,OH,17140,452,,FRM,N,N,,,0,,N,,,,,,,,,,,,,,,,,,,,,,,,,,,,,,,,N,,,,,,,N,,,,,,N,,,,,,,,,,,,,,,,N,,,
100023000000,122013,R,Other,Other,,5.375,5.375,0,55000,,47486.03,240,82009,102009,51,189,188,92029,55,55,1,36,714,,N,C,SF,1,P,OH,17140,452,,FRM,N,N,,,0,,N,,,,,,,,,,,,,,,,,,,,,,,,,,,,,,,,N,,,,,,,N,,,,,,N,,,,,,,,,,,,,,,,N,,,
100023000000,12014,R,Other,Other,,5.375,5.375,0,55000,,47323.73,240,82009,102009,52,188,187,92029,55,55,1,36,714,,N,C,SF,1,P,OH,17140,452,,FRM,N,N,,,0,,N,,,,,,,,,,,,,,,,,,,,,,,,,,,,,,,,N,,,,,,,N,,,,,,N,,,,,,,,,,,,,,,,N,,,
100023000000,22014,R,Other,Other,,5.375,5.375,0,55000,,47323.73,240,82009,102009,53,187,187,92029,55,55,1,36,714,,N,C,SF,1,P,OH,17140,452,,FRM,N,N,,,0,,N,,,,,,,,,,,,,,,,,,,,,,,,,,,,,,,,N,,,,,,,N,,,,,,N,,,,,,,,,,,,,,,,N,,,
100023000000,32014,R,Other,Other,,5.375,5.375,0,55000,,47160.7,240,82009,102009,54,186,186,92029,55,55,1,36,714,,N,C,SF,1,P,OH,17140,452,,FRM,N,N,,,0,,N,,,,,,,,,,,,,,,,,,,,,,,,,,,,,,,,Y,,,,,,,N,,,,,,N,,,,,,,,,,,,,,,,N,,,
100023000000,42014,R,Other,Other,,5.375,5.375,0,55000,,46996.94,240,82009,102009,55,185,185,92029,55,55,1,36,714,,N,C,SF,1,P,OH,17140,452,,FRM,N,N,,,0,,N,,,,,,,,,,,,,,,,,,,,,,,,,,,,,,,,N,,,,,,,N,,,,,,N,,,,,,,,,,,,,,,,N,,,
100023000000,52014,R,Other,Other,,5.375,5.375,0,55000,,46832.45,240,82009,102009,56,184,184,92029,55,55,1,36,714,,N,C,SF,1,P,OH,17140,452,,FRM,N,N,,,0,,N,,,,,,,,,,,,,,,,,,,,,,,,,,,,,,,,N,,,,,,,N,,,,,,N,,,,,,,,,,,,,,,,N,,,
100023000000,62014,R,Other,Other,,5.375,5.375,0,55000,,46667.22,240,82009,102009,57,183,183,92029,55,55,1,36,714,,N,C,SF,1,P,OH,17140,452,,FRM,N,N,,,0,,N,,,,,,,,,,,,,,,,,,,,,,,,,,,,,,,,N,,,,,,,N,,,,,,N,,,,,,,,,,,,,,,,N,,,
100023000000,72014,R,Other,Other,,5.375,5.375,0,55000,,46501.25,240,82009,102009,58,182,182,92029,55,55,1,36,714,,N,C,SF,1,P,OH,17140,452,,FRM,N,N,,,0,,N,,,,,,,,,,,,,,,,,,,,,,,,,,,,,,,,N,,,,,,,N,,,,,,N,,,,,,,,,,,,,,,,N,,,
100023000000,82014,R,Other,Other,,5.375,5.375,0,55000,,46334.54,240,82009,102009,59,181,181,92029,55,55,1,36,714,,N,C,SF,1,P,OH,17140,452,,FRM,N,N,,,0,,N,,,,,,,,,,,,,,,,,,,,,,,,,,,,,,,,N,,,,,,,N,,,,,,N,,,,,,,,,,,,,,,,N,,,
100023000000,92014,R,Other,Other,,5.375,5.375,0,55000,,46167.08,240,82009,102009,60,180,180,92029,55,55,1,36,714,,N,C,SF,1,P,OH,17140,452,,FRM,N,N,,,0,,N,,,,,,,,,,,,,,,,,,,,,,,,,,,,,,,,N,,,,,,,N,,,,,,N,,,,,,,,,,,,,,,,N,,,
100023000000,102014,R,Other,Other,,5.375,5.375,0,55000,,45998.87,240,82009,102009,61,179,179,92029,55,55,1,36,714,,N,C,SF,1,P,OH,17140,452,,FRM,N,N,,,0,,N,,,,,,,,,,,,,,,,,,,,,,,,,,,,,,,,N,,,,,,,N,,,,,,N,,,,,,,,,,,,,,,,N,,,
100023000000,112014,R,Other,Other,,5.375,5.375,0,55000,,45829.91,240,82009,102009,62,178,178,92029,55,55,1,36,714,,N,C,SF,1,P,OH,17140,452,,FRM,N,N,,,0,,N,,,,,,,,,,,,,,,,,,,,,,,,,,,,,,,,N,,,,,,,N,,,,,,N,,,,,,,,,,,,,,,,N,,,
100023000000,122014,R,Other,Other,,5.375,5.375,0,55000,,45660.19,240,82009,102009,63,177,177,92029,55,55,1,36,714,,N,C,SF,1,P,OH,17140,452,,FRM,N,N,,,0,,N,,,,,,,,,,,,,,,,,,,,,,,,,,,,,,,,N,,,,,,,N,,,,,,N,,,,,,,,,,,,,,,,N,,,
100023000000,12015,R,Other,Other,,5.375,5.375,0,55000,,45489.71,240,82009,102009,64,176,176,92029,55,55,1,36,714,,N,C,SF,1,P,OH,17140,452,,FRM,N,N,,,0,,N,,,,,,,,,,,,,,,,,,,,,,,,,,,,,,,,N,,,,,,,N,,,,,,N,,,,,,,,,,,,,,,,N,,,
100023000000,22015,R,Other,Other,,5.375,5.375,0,55000,,45318.47,240,82009,102009,65,175,175,92029,55,55,1,36,714,,N,C,SF,1,P,OH,17140,452,,FRM,N,N,,,0,,N,,,,,,,,,,,,,,,,,,,,,,,,,,,,,,,,N,,,,,,,N,,,,,,N,,,,,,,,,,,,,,,,N,,,
100023000000,32015,R,Other,Other,,5.375,5.375,0,55000,,45146.46,240,82009,102009,66,174,174,92029,55,55,1,36,714,,N,C,SF,1,P,OH,17140,452,,FRM,N,N,,,0,,N,,,,,,,,,,,,,,,,,,,,,,,,,,,,,,,,N,,,,,,,N,,,,,,N,,,,,,,,,,,,,,,,N,,,
100023000000,42015,R,Other,Other,,5.375,5.375,0,55000,,44973.68,240,82009,102009,67,173,173,92029,55,55,1,36,714,,N,C,SF,1,P,OH,17140,452,,FRM,N,N,,,0,,N,,,,,,,,,,,,,,,,,,,,,,,,,,,,,,,,N,,,,,,,N,,,,,,N,,,,,,,,,,,,,,,,N,,,
100023000000,52015,R,Other,Other,,5.375,5.375,0,55000,,44800.12,240,82009,102009,68,172,172,92029,55,55,1,36,714,,N,C,SF,1,P,OH,17140,452,,FRM,N,N,,,0,,N,,,,,,,,,,,,,,,,,,,,,,,,,,,,,,,,N,,,,,,,N,,,,,,N,,,,,,,,,,,,,,,,N,,,
100023000000,62015,R,Other,Other,,5.375,5.375,0,55000,,44625.79,240,82009,102009,69,171,171,92029,55,55,1,36,714,,N,C,SF,1,P,OH,17140,452,,FRM,N,N,,,0,,N,,,,,,,,,,,,,,,,,,,,,,,,,,,,,,,,N,,,,,,,N,,,,,,N,,,,,,,,,,,,,,,,N,,,
100023000000,72015,R,Other,Other,,5.375,5.375,0,55000,,44450.68,240,82009,102009,70,170,170,92029,55,55,1,36,714,,N,C,SF,1,P,OH,17140,452,,FRM,N,N,,,0,,N,,,,,,,,,,,,,,,,,,,,,,,,,,,,,,,,N,,,,,,,N,,,,,,N,,,,,,,,,,,,,,,,N,,,
100023000000,82015,R,Other,Other,,5.375,5.375,0,55000,,44274.78,240,82009,102009,71,169,169,92029,55,55,1,36,714,,N,C,SF,1,P,OH,17140,452,,FRM,N,N,,,0,,N,,,,,,,,,,,,,,,,,,,,,,,,,,,,,,,,N,,,,,,,N,,,,,,N,,,,,,,,,,,,,,,,N,,,
100023000000,92015,R,Other,Other,,5.375,5.375,0,55000,,44098.09,240,82009,102009,72,168,168,92029,55,55,1,36,714,,N,C,SF,1,P,OH,17140,452,,FRM,N,N,,,0,,N,,,,,,,,,,,,,,,,,,,,,,,,,,,,,,,,N,,,,,,,N,,,,,,N,,,,,,,,,,,,,,,,N,,,
100023000000,102015,R,Other,Other,,5.375,5.375,0,55000,,43920.61,240,82009,102009,73,167,167,92029,55,55,1,36,714,,N,C,SF,1,P,OH,17140,452,,FRM,N,N,,,0,,N,,,,,,,,,,,,,,,,,,,,,,,,,,,,,,,,N,,,,,,,N,,,,,,N,,,,,,,,,,,,,,,,N,,,
100023000000,112015,R,Other,Other,,5.375,5.375,0,55000,,43742.34,240,82009,102009,74,166,166,92029,55,55,1,36,714,,N,C,SF,1,P,OH,17140,452,,FRM,N,N,,,0,,N,,,,,,,,,,,,,,,,,,,,,,,,,,,,,,,,N,,,,,,,N,,,,,,N,,,,,,,,,,,,,,,,N,,,
100023000000,122015,R,Other,Other,,5.375,5.375,0,55000,,43563.27,240,82009,102009,75,165,165,92029,55,55,1,36,714,,N,C,SF,1,P,OH,17140,452,,FRM,N,N,,,0,,N,,,,,,,,,,,,,,,,,,,,,,,,,,,,,,,,N,,,,,,,N,,,,,,N,,,,,,,,,,,,,,,,N,,,
100023000000,12016,R,Other,Other,,5.375,5.375,0,55000,,43383.4,240,82009,102009,76,164,164,92029,55,55,1,36,714,,N,C,SF,1,P,OH,17140,452,,FRM,N,N,,,0,,N,,,,,,,,,,,,,,,,,,,,,,,,,,,,,,,,N,,,,,,,N,,,,,,N,,,,,,,,,,,,,,,,N,,,
100023000000,22016,R,Other,Other,,5.375,5.375,0,55000,,43202.72,240,82009,102009,77,163,163,92029,55,55,1,36,714,,N,C,SF,1,P,OH,17140,452,,FRM,N,N,,,0,,N,,,,,,,,,,,,,,,,,,,,,,,,,,,,,,,,N,,,,,,,N,,,,,,N,,,,,,,,,,,,,,,,N,,,
100023000000,32016,R,Other,Other,,5.375,5.375,0,55000,,43021.23,240,82009,102009,78,162,162,92029,55,55,1,36,714,,N,C,SF,1,P,OH,17140,452,,FRM,N,N,,,0,,N,,,,,,,,,,,,,,,,,,,,,,,,,,,,,,,,N,,,,,,,N,,,,,,N,,,,,,,,,,,,,,,,N,,,
100023000000,42016,R,Other,Other,,5.375,5.375,0,55000,,42838.93,240,82009,102009,79,161,161,92029,55,55,1,36,714,,N,C,SF,1,P,OH,17140,452,,FRM,N,N,,,0,,N,,,,,,,,,,,,,,,,,,,,,,,,,,,,,,,,N,,,,,,,N,,,,,,N,,,,,,,,,,,,,,,,N,,,
100023000000,52016,R,Other,Other,,5.375,5.375,0,55000,,42655.81,240,82009,102009,80,160,160,92029,55,55,1,36,714,,N,C,SF,1,P,OH,17140,452,,FRM,N,N,,,0,,N,,,,,,,,,,,,,,,,,,,,,,,,,,,,,,,,N,,,,,,,N,,,,,,N,,,,,,,,,,,,,,,,N,,,
100023000000,62016,R,Other,Other,,5.375,5.375,0,55000,,42471.87,240,82009,102009,81,159,159,92029,55,55,1,36,714,,N,C,SF,1,P,OH,17140,452,,FRM,N,N,,,0,,N,,,,,,,,,,,,,,,,,,,,,,,,,,,,,,,,N,,,,,,,N,,,,,,N,,,,,,,,,,,,,,,,N,,,
100023000000,72016,R,Other,Other,,5.375,5.375,0,55000,,42287.11,240,82009,102009,82,158,158,92029,55,55,1,36,714,,N,C,SF,1,P,OH,17140,452,,FRM,N,N,,,0,,N,,,,,,,,,,,,,,,,,,,,,,,,,,,,,,,,N,,,,,,,N,,,,,,N,,,,,,,,,,,,,,,,N,,,
100023000000,82016,R,Other,Other,,5.375,5.375,0,55000,,42101.52,240,82009,102009,83,157,157,92029,55,55,1,36,714,,N,C,SF,1,P,OH,17140,452,,FRM,N,N,,,0,,N,,,,,,,,,,,,,,,,,,,,,,,,,,,,,,,,N,,,,,,,N,,,,,,N,,,,,,,,,,,,,,,,N,,,
100023000000,92016,R,Other,Other,,5.375,5.375,0,55000,,41915.1,240,82009,102009,84,156,156,92029,55,55,1,36,714,,N,C,SF,1,P,OH,17140,452,,FRM,N,N,,,0,,N,,,,,,,,,,,,,,,,,,,,,,,,,,,,,,,,N,,,,,,,N,,,,,,N,,,,,,,,,,,,,,,,N,,,
100023000000,102016,R,Other,Other,,5.375,5.375,0,55000,,41727.84,240,82009,102009,85,155,155,92029,55,55,1,36,714,,N,C,SF,1,P,OH,17140,452,,FRM,N,N,,,0,,N,,,,,,,,,,,,,,,,,,,,,,,,,,,,,,,,N,,,,,,,N,,,,,,N,,,,,,,,,,,,,,,,N,,,
100023000000,112016,R,Other,Other,,5.375,5.375,0,55000,,41539.75,240,82009,102009,86,154,154,92029,55,55,1,36,714,,N,C,SF,1,P,OH,17140,452,,FRM,N,N,,,0,,N,,,,,,,,,,,,,,,,,,,,,,,,,,,,,,,,N,,,,,,,N,,,,,,N,,,,,,,,,,,,,,,,N,,,
100023000000,122016,R,Other,Other,,5.375,5.375,0,55000,,41350.81,240,82009,102009,87,153,153,92029,55,55,1,36,714,,N,C,SF,1,P,OH,17140,452,,FRM,N,N,,,0,,N,,,,,,,,,,,,,,,,,,,,,,,,,,,,,,,,N,,,,,,,N,,,,,,N,,,,,,,,,,,,,,,,N,,,
100023000000,12017,R,Other,Other,,5.375,5.375,0,55000,,41161.03,240,82009,102009,88,152,152,92029,55,55,1,36,714,,N,C,SF,1,P,OH,17140,452,,FRM,N,N,,,0,,N,,,,,,,,,,,,,,,,,,,,,,,,,,,,,,,,N,,,,,,,N,,,,,,N,,,,,,,,,,,,,,,,N,,,
100023000000,22017,R,Other,Other,,5.375,5.375,0,55000,,40970.4,240,82009,102009,89,151,151,92029,55,55,1,36,714,,N,C,SF,1,P,OH,17140,452,,FRM,N,N,,,0,,N,,,,,,,,,,,,,,,,,,,,,,,,,,,,,,,,N,,,,,,,N,,,,,,N,,,,,,,,,,,,,,,,N,,,
100023000000,32017,R,Other,Other,,5.375,5.375,0,55000,,40778.91,240,82009,102009,90,150,150,92029,55,55,1,36,714,,N,C,SF,1,P,OH,17140,452,,FRM,N,N,,,0,,N,,,,,,,,,,,,,,,,,,,,,,,,,,,,,,,,N,,,,,,,N,,,,,,N,,,,,,,,,,,,,,,,N,,,
100023000000,42017,R,Other,Other,,5.375,5.375,0,55000,,40586.57,240,82009,102009,91,149,149,92029,55,55,1,36,714,,N,C,SF,1,P,OH,17140,452,,FRM,N,N,,,0,,N,,,,,,,,,,,,,,,,,,,,,,,,,,,,,,,,N,,,,,,,N,,,,,,N,,,,,,,,,,,,,,,,N,,,
100023000000,52017,R,Other,Other,,5.375,5.375,0,55000,,40393.36,240,82009,102009,92,148,148,92029,55,55,1,36,714,,N,C,SF,1,P,OH,17140,452,,FRM,N,N,,,0,,N,,,,,,,,,,,,,,,,,,,,,,,,,,,,,,,,N,,,,,,,N,,,,,,N,,,,,,,,,,,,,,,,N,,,
100023000000,62017,R,Other,Other,,5.375,5.375,0,55000,,40199.29,240,82009,102009,93,147,147,92029,55,55,1,36,714,,N,C,SF,1,P,OH,17140,452,,FRM,N,N,,,0,,N,,,,,,,,,,,,,,,,,,,,,,,,,,,,,,,,N,,,,,,,N,,,,,,N,,,,,,,,,,,,,,,,N,,,
100023000000,72017,R,Other,Other,,5.375,5.375,0,55000,,40004.35,240,82009,102009,94,146,146,92029,55,55,1,36,714,,N,C,SF,1,P,OH,17140,452,,FRM,N,N,,,0,,N,,,,,,,,,,,,,,,,,,,,,,,,,,,,,,,,N,,,,,,,N,,,,,,N,,,,,,,,,,,,,,,,N,,,
100023000000,82017,R,Other,Other,,5.375,5.375,0,55000,,39808.54,240,82009,102009,95,145,145,92029,55,55,1,36,714,,N,C,SF,1,P,OH,17140,452,,FRM,N,N,,,0,,N,,,,,,,,,,,,,,,,,,,,,,,,,,,,,,,,N,,,,,,,N,,,,,,N,,,,,,,,,,,,,,,,N,,,
100023000000,92017,R,Other,Other,,5.375,5.375,0,55000,,39611.85,240,82009,102009,96,144,144,92029,55,55,1,36,714,,N,C,SF,1,P,OH,17140,452,,FRM,N,N,,,0,,N,,,,,,,,,,,,,,,,,,,,,,,,,,,,,,,,N,,,,,,,N,,,,,,N,,,,,,,,,,,,,,,,N,,,
100023000000,102017,R,Other,Other,,5.375,5.375,0,55000,,39414.28,240,82009,102009,97,143,143,92029,55,55,1,36,714,,N,C,SF,1,P,OH,17140,452,,FRM,N,N,,,0,,N,,,,,,,,,,,,,,,,,,,,,,,,,,,,,,,,N,,,,,,,N,,,,,,N,,,,,,,,,,,,,,,,N,,,
100023000000,112017,R,Other,Other,,5.375,5.375,0,55000,,39215.82,240,82009,102009,98,142,142,92029,55,55,1,36,714,,N,C,SF,1,P,OH,17140,452,,FRM,N,N,,,0,,N,,,,,,,,,,,,,,,,,,,,,,,,,,,,,,,,N,,,,,,,N,,,,,,N,,,,,,,,,,,,,,,,N,,,
100023000000,122017,R,Other,Other,,5.375,5.375,0,55000,,39016.47,240,82009,102009,99,141,141,92029,55,55,1,36,714,,N,C,SF,1,P,OH,17140,452,,FRM,N,N,,,0,,N,,,,,,,,,,,,,,,,,,,,,,,,,,,,,,,,N,,,,,,,N,,,,,,N,,,,,,,,,,,,,,,,N,,,
100023000000,12018,R,Other,Other,,5.375,5.375,0,55000,,38816.23,240,82009,102009,100,140,140,92029,55,55,1,36,714,,N,C,SF,1,P,OH,17140,452,,FRM,N,N,,,0,,N,,,,,,,,,,,,,,,,,,,,,,,,,,,,,,,,N,,,,,,,N,,,,,,N,,,,,,,,,,,,,,,,N,,,
100023000000,22018,R,Other,Other,,5.375,5.375,0,55000,,38615.09,240,82009,102009,101,139,139,92029,55,55,1,36,714,,N,C,SF,1,P,OH,17140,452,,FRM,N,N,,,0,,N,,,,,,,,,,,,,,,,,,,,,,,,,,,,,,,,N,,,,,,,N,,,,,,N,,,,,,,,,,,,,,,,N,,,
100023000000,32018,R,Other,Other,,5.375,5.375,0,55000,,38413.05,240,82009,102009,102,138,138,92029,55,55,1,36,714,,N,C,SF,1,P,OH,17140,452,,FRM,N,N,,,0,,N,,,,,,,,,,,,,,,,,,,,,,,,,,,,,,,,N,,,,,,,N,,,,,,N,,,,,,,,,,,,,,,,N,,,
100023000000,42018,R,Other,Other,,5.375,5.375,0,55000,,38210.11,240,82009,102009,103,137,137,92029,55,55,1,36,714,,N,C,SF,1,P,OH,17140,452,,FRM,N,N,,,0,,N,,,,,,,,,,,,,,,,,,,,,,,,,,,,,,,,N,,,,,,,N,,,,,,N,,,,,,,,,,,,,,,,N,,,
100023000000,52018,R,Other,Other,,5.375,5.375,0,55000,,38006.26,240,82009,102009,104,136,136,92029,55,55,1,36,714,,N,C,SF,1,P,OH,17140,452,,FRM,N,N,,,0,,N,,,,,,,,,,,,,,,,,,,,,,,,,,,,,,,,N,,,,,,,N,,,,,,N,,,,,,,,,,,,,,,,N,,,
100023000000,62018,R,Other,Other,,5.375,5.375,0,55000,,37801.5,240,82009,102009,105,135,135,92029,55,55,1,36,714,,N,C,SF,1,P,OH,17140,452,,FRM,N,N,,,0,,N,,,,,,,,,,,,,,,,,,,,,,,,,,,,,,,,N,,,,,,,N,,,,,,N,,,,,,,,,,,,,,,,N,,,
100023000000,72018,R,Other,Other,,5.375,5.375,0,55000,,37595.82,240,82009,102009,106,134,134,92029,55,55,1,36,714,,N,C,SF,1,P,OH,17140,452,,FRM,N,N,,,0,,N,,,,,,,,,,,,,,,,,,,,,,,,,,,,,,,,N,,,,,,,N,,,,,,N,,,,,,,,,,,,,,,,N,,,
100023000000,82018,R,Other,Other,,5.375,5.375,0,55000,,37389.22,240,82009,102009,107,133,133,92029,55,55,1,36,714,,N,C,SF,1,P,OH,17140,452,,FRM,N,N,,,0,,N,,,,,,,,,,,,,,,,,,,,,,,,,,,,,,,,N,,,,,,,N,,,,,,N,,,,,,,,,,,,,,,,N,,,
100023000000,92018,R,Other,Other,,5.375,5.375,0,55000,,37181.69,240,82009,102009,108,132,132,92029,55,55,1,36,714,,N,C,SF,1,P,OH,17140,452,,FRM,N,N,,,0,,N,,,,,,,,,,,,,,,,,,,,,,,,,,,,,,,,N,,,,,,,N,,,,,,N,,,,,,,,,,,,,,,,N,,,
100023000000,102018,R,Other,Other,,5.375,5.375,0,55000,,36973.23,240,82009,102009,109,131,131,92029,55,55,1,36,714,,N,C,SF,1,P,OH,17140,452,,FRM,N,N,,,0,,N,,,,,,,,,,,,,,,,,,,,,,,,,,,,,,,,N,,,,,,,N,,,,,,N,,,,,,,,,,,,,,,,N,,,
100023000000,112018,R,Other,Other,,5.375,5.375,0,55000,,36763.84,240,82009,102009,110,130,130,92029,55,55,1,36,714,,N,C,SF,1,P,OH,17140,452,,FRM,N,N,,,0,,N,,,,,,,,,,,,,,,,,,,,,,,,,,,,,,,,N,,,,,,,N,,,,,,N,,,,,,,,,,,,,,,,N,,,
100023000000,122018,R,Other,Other,,5.375,5.375,0,55000,,36553.51,240,82009,102009,111,129,129,92029,55,55,1,36,714,,N,C,SF,1,P,OH,17140,452,,FRM,N,N,,,0,,N,,,,,,,,,,,,,,,,,,,,,,,,,,,,,,,,N,,,,,,,N,,,,,,N,,,,,,,,,,,,,,,,N,,,
100023000000,12019,R,Other,Other,,5.375,5.375,0,55000,,36342.24,240,82009,102009,112,128,128,92029,55,55,1,36,714,,N,C,SF,1,P,OH,17140,452,,FRM,N,N,,,0,,N,,,,,,,,,,,,,,,,,,,,,,,,,,,,,,,,N,,,,,,,N,,,,,,N,,,,,,,,,,,,,,,,N,,,
100023000000,22019,R,Other,Other,,5.375,5.375,0,55000,,36130.02,240,82009,102009,113,127,127,92029,55,55,1,36,714,,N,C,SF,1,P,OH,17140,452,,FRM,N,N,,,0,,N,,,,,,,,,,,,,,,,,,,,,,,,,,,,,,,,N,,,,,,,N,,,,,,N,,,,,,,,,,,,,,,,N,,,
100023000000,32019,R,Other,Other,,5.375,5.375,0,55000,,35916.85,240,82009,102009,114,126,126,92029,55,55,1,36,714,,N,C,SF,1,P,OH,17140,452,,FRM,N,N,,,0,,N,,,,,,,,,,,,,,,,,,,,,,,,,,,,,,,,N,,,,,,,N,,,,,,N,,,,,,,,,,,,,,,,N,,,
100023000000,42019,R,Other,Other,,5.375,5.375,0,55000,,35702.73,240,82009,102009,115,125,125,92029,55,55,1,36,714,,N,C,SF,1,P,OH,17140,452,,FRM,N,N,,,0,,N,,,,,,,,,,,,,,,,,,,,,,,,,,,,,,,,N,,,,,,,N,,,,,,N,,,,,,,,,,,,,,,,N,,,
100023000000,52019,R,Other,Other,,5.375,5.375,0,55000,,35488.18,240,82009,102009,116,124,124,92029,55,55,1,36,714,,N,C,SF,1,P,OH,17140,452,,FRM,N,N,,,0,,N,,,,,,,,,,,,,,,,,,,,,,,,,,,,,,,,N,,,,,,,N,,,,,,N,,,,,,,,,,,,,,,,N,,,
100023000000,62019,R,Other,Other,,5.375,5.375,0,55000,,35272.67,240,82009,102009,117,123,123,92029,55,55,1,36,714,,N,C,SF,1,P,OH,17140,452,,FRM,N,N,,,0,,N,,,,,,,,,,,,,,,,,,,,,,,,,,,,,,,,N,,,,,,,N,,,,,,N,,,,,,,,,,,,,,,,N,,,
100023000000,72019,R,Other,Other,,5.375,5.375,0,55000,,35056.19,240,82009,102009,118,122,122,92029,55,55,1,36,714,,N,C,SF,1,P,OH,17140,452,,FRM,N,N,,,0,,N,,,,,,,,,,,,,,,,,,,,,,,,,,,,,,,,N,,,,,,,N,,,,,,N,,,,,,,,,,,,,,,,N,,,
100023000000,82019,R,Other,Other,,5.375,5.375,0,55000,,34838.21,240,82009,102009,119,121,121,92029,55,55,1,36,714,,N,C,SF,1,P,OH,17140,452,,FRM,N,N,,,0,,N,,,,,,,,,,,,,,,,,,,,,,,,,,,,,,,,N,,,,,,,N,,,,,,N,,,,,,,,,,,,,,,,N,,,
100023000000,92019,R,Other,Other,,5.375,5.375,0,55000,,34619.26,240,82009,102009,120,120,120,92029,55,55,1,36,714,,N,C,SF,1,P,OH,17140,452,,FRM,N,N,,,0,,N,,,,,,,,,,,,,,,,,,,,,,,,,,,,,,,,N,,,,,,,N,,,,,,N,,,,,,,,,,,,,,,,N,,,
100023000000,102019,R,Other,Other,,5.375,5.375,0,55000,,34399.33,240,82009,102009,121,119,119,92029,55,55,1,36,714,,N,C,SF,1,P,OH,17140,452,,FRM,N,N,,,0,,N,,,,,,,,,,,,,,,,,,,,,,,,,,,,,,,,N,,,,,,,N,,,,,,N,,,,,,,,,,,,,,,,N,,,
100023000000,112019,R,Other,Other,,5.375,5.375,0,55000,,34178.41,240,82009,102009,122,118,118,92029,55,55,1,36,714,,N,C,SF,1,P,OH,17140,452,,FRM,N,N,,,0,,N,,,,,,,,,,,,,,,,,,,,,,,,,,,,,,,,N,,,,,,,N,,,,,,N,,,,,,,,,,,,,,,,N,,,
100023000000,122019,R,Other,Other,,5.375,5.375,0,55000,,33956.5,240,82009,102009,123,117,117,92029,55,55,1,36,714,,N,C,SF,1,P,OH,17140,452,,FRM,N,N,,,0,,N,,,,,,,,,,,,,,,,,,,,,,,,,,,,,,,,N,,,,,,,N,,,,,,N,,,,,,,,,,,,,,,,N,,,
100023000000,12020,R,Other,Other,,5.375,5.375,0,55000,,33733.6,240,82009,102009,124,116,116,92029,55,55,1,36,714,,N,C,SF,1,P,OH,17140,452,,FRM,N,N,,,0,,N,,,,,,,,,,,,,,,,,,,,,,,,,,,,,,,,N,,,,,,,N,,,,,,N,,,,,,,,,,,,,,,,N,,,
100023000000,22020,R,Other,Other,,5.375,5.375,0,55000,,33509.7,240,82009,102009,125,115,115,92029,55,55,1,36,714,,N,C,SF,1,P,OH,17140,452,,FRM,N,N,,,0,,N,,,,,,,,,,,,,,,,,,,,,,,,,,,,,,,,N,,,,,,,N,,,,,,N,,,,,,,,,,,,,,,,N,,,
100023000000,32020,R,Other,Other,,5.375,5.375,0,55000,,33284.8,240,82009,102009,126,114,114,92029,55,55,1,36,714,,N,C,SF,1,P,OH,17140,452,,FRM,N,N,,,0,,N,,,,,,,,,,,,,,,,,,,,,,,,,,,,,,,,N,,,,,,,N,,,,,,N,,,,,,,,,,,,,,,,N,,,
100023000000,42020,R,Other,Other,,5.375,5.375,0,55000,,33058.89,240,82009,102009,127,113,113,92029,55,55,1,36,714,,N,C,SF,1,P,OH,17140,452,,FRM,N,N,,,0,0,N,,,,,,,,,,,,,,,,,,,,,,,,,,,,,,,,N,,,,,,,N,,,,,,N,,,,,,,,,,,,,,,7,N,,,7
100023000000,52020,R,Other,Other,,5.375,5.375,0,55000,,32831.97,240,82009,102009,128,112,112,92029,55,55,1,36,714,,N,C,SF,1,P,OH,17140,452,,FRM,N,N,,,0,0,N,,,,,,,226.92,,,,,,,,,,,,,,,,,,,,,,,,,N,,,,,,,N,,,,,,N,,,,,,,,,,,,,,,7,N,,,7
100023000000,62020,R,Other,Other,,5.375,5.375,0,55000,,32604.03,240,82009,102009,129,111,111,92029,55,55,1,36,714,,N,C,SF,1,P,OH,17140,452,,FRM,N,N,,,0,0,N,,,,,,,227.94,,,,,,,,,,,,,,,,,,,,,,,,,N,,,,,,,N,,,,,,N,,,,,,,,,,,,,,,7,N,,,7
100039000000,82009,R,Wells Fargo Bank,,,,,0,,,,,,,,,,,,,,,,,,,,,,,,,,,,,,,,,,,,,,,,,,,,,,,,,,,,,,,,,,,,,,,,,,,,,,,,,,,,,,,,,,,,,,,,,,,,,,,,,
100039000000,92009,R,Wells Fargo Bank,,,,,0,,,,,,,,,,,,,,,,,,,,,,,,,,,,,,,,,,,,,,,,,,,,,,,,,,,,,,,,,,,,,,,,,,,,,,,,,,,,,,,,,,,,,,,,,,,,,,,,,
100039000000,102009,R,Wells Fargo Bank,,,,,0,,,,,,,,,,,,,,,,,,,,,,,,,,,,,,,,,,,,,,,,,,,,,,,,,,,,,,,,,,,,,,,,,,,,,,,,,,,,,,,,,,,,,,,,,,,,,,,,,
100039000000,112009,R,Wells Fargo Bank,,,,,0,,,,,,,,,,,,,,,,,,,,,,,,,,,,,,,,,,,,,,,,,,,,,,,,,,,,,,,,,,,,,,,,,,,,,,,,,,,,,,,,,,,,,,,,,,,,,,,,,
100039000000,122009,R,Wells Fargo Bank,,,,,0,,,,,,,,,,,,,,,,,,,,,,,,,,,,,,,,,,,,,,,,,,,,,,,,,,,,,,,,,,,,,,,,,,,,,,,,,,,,,,,,,,,,,,,,,,,,,,,,,
100039000000,12010,R,Wells Fargo Bank,,,,,0,,,,,,,,,,,,,,,,,,,,,,,,,,,,,,,,,,,,,,,,,,,,,,,,,,,,,,,,,,,,,,,,,,,,,,,,,,,,,,,,,,,,,,,,,,,,,,,,,
100039000000,22010,R,Wells Fargo Bank,,,,,0,,,,,,,,,,,,,,,,,,,,,,,,,,,,,,,,,,,,,,,,,,,,,,,,,,,,,,,,,,,,,,,,,,,,,,,,,,,,,,,,,,,,,,,,,,,,,,,,,
100039000000,32010,R,Wells Fargo Bank,,,,,0,,,,,,,,,,,,,,,,,,,,,,,,,,,,,,,,,,,,,,,,,,,,,,,,,,,,,,,,,,,,,,,,,,,,,,,,,,,,,,,,,,,,,,,,,,,,,,,,,
100039000000,42010,R,Wells Fargo Bank,,,,,0,,,,,,,,,,,,,,,,,,,,,,,,,,,,,,,,,,,,,,,,,,,,,,,,,,,,,,,,,,,,,,,,,,,,,,,,,,,,,,,,,,,,,,,,,,,,,,,,,
100039000000,52010,R,Wells Fargo Bank,,,,,0,,,,,,,,,,,,,,,,,,,,,,,,,,,,,,,,,,,,,,,,,,,,,,,,,,,,,,,,,,,,,,,,,,,,,,,,,,,,,,,,,,,,,,,,,,,,,,,,,
100039000000,62010,R,Wells Fargo Bank,,,,,0,,,,,,,,,,,,,,,,,,,,,,,,,,,,,,,,,,,,,,,,,,,,,,,,,,,,,,,,,,,,,,,,,,,,,,,,,,,,,,,,,,,,,,,,,,,,,,,,,
100039000000,72010,R,Wells Fargo Bank,,,,,0,,,,,,,,,,,,,,,,,,,,,,,,,,,,,,,,,,,,,,,,,,,,,,,,,,,,,,,,,,,,,,,,,,,,,,,,,,,,,,,,,,,,,,,,,,,,,,,,,
100039000000,82010,R,Wells Fargo Bank,,,,,0,,,,,,,,,,,,,,,,,,,,,,,,,,,,,,,,,,,,,,,,,,,,,,,,,,,,,,,,,,,,,,,,,,,,,,,,,,,,,,,,,,,,,,,,,,,,,,,,,
100039000000,92010,R,Wells Fargo Bank,,,,,0,,,,,,,,,,,,,,,,,,,,,,,,,,,,,,,,,,,,,,,,,,,,,,,,,,,,,,,,,,,,,,,,,,,,,,,,,,,,,,,,,,,,,,,,,,,,,,,,,
100039000000,102010,R,Wells Fargo Bank,,,,,0,,,,,,,,,,,,,,,,,,,,,,,,,,,,,,,,,,,,,,,,,,,,,,,,,,,,,,,,,,,,,,,,,,,,,,,,,,,,,,,,,,,,,,,,,,,,,,,,,
100039000000,112010,R,Wells Fargo Bank,,,,,0,,,,,,,,,,,,,,,,,,,,,,,,,,,,,,,,,,,,,,,,,,,,,,,,,,,,,,,,,,,,,,,,,,,,,,,,,,,,,,,,,,,,,,,,,,,,,,,,,
100039000000,122010,R,Wells Fargo Bank,,,,,0,,,,,,,,,,,,,,,,,,,,,,,,,,,,,,,,,,,,,,,,,,,,,,,,,,,,,,,,,,,,,,,,,,,,,,,,,,,,,,,,,,,,,,,,,,,,,,,,,
100039000000,12011,R,Wells Fargo Bank,,,,,0,,,,,,,,,,,,,,,,,,,,,,,,,,,,,,,,,,,,,,,,,,,,,,,,,,,,,,,,,,,,,,,,,,,,,,,,,,,,,,,,,,,,,,,,,,,,,,,,,
100039000000,22011,R,Wells Fargo Bank,,,,,0,,,,,,,,,,,,,,,,,,,,,,,,,,,,,,,,,,,,,,,,,,,,,,,,,,,,,,,,,,,,,,,,,,,,,,,,,,,,,,,,,,,,,,,,,,,,,,,,,
100039000000,32011,R,Wells Fargo Bank,,,,,0,,,,,,,,,,,,,,,,,,,,,,,,,,,,,,,,,,,,,,,,,,,,,,,,,,,,,,,,,,,,,,,,,,,,,,,,,,,,,,,,,,,,,,,,,,,,,,,,,
100039000000,42011,R,Wells Fargo Bank,,,,,0,,,,,,,,,,,,,,,,,,,,,,,,,,,,,,,,,,,,,,,,,,,,,,,,,,,,,,,,,,,,,,,,,,,,,,,,,,,,,,,,,,,,,,,,,,,,,,,,,
100039000000,52011,R,Wells Fargo Bank,,,,,0,,,,,,,,,,,,,,,,,,,,,,,,,,,,,,,,,,,,,,,,,,,,,,,,,,,,,,,,,,,,,,,,,,,,,,,,,,,,,,,,,,,,,,,,,,,,,,,,,
100039000000,62011,R,Wells Fargo Bank,,,,,0,,,,,,,,,,,,,,,,,,,,,,,,,,,,,,,,,,,,,,,,,,,,,,,,,,,,,,,,,,,,,,,,,,,,,,,,,,,,,,,,,,,,,,,,,,,,,,,,,
100039000000,72011,R,Wells Fargo Bank,,,,,0,,,,,,,,,,,,,,,,,,,,,,,,,,,,,,,,,,,,,,,,,,,,,,,,,,,,,,,,,,,,,,,,,,,,,,,,,,,,,,,,,,,,,,,,,,,,,,,,,
100039000000,82011,R,Wells Fargo Bank,,,,,0,,,,,,,,,,,,,,,,,,,,,,,,,,,,,,,,,,,,,,,,,,,,,,,,,,,,,,,,,,,,,,,,,,,,,,,,,,,,,,,,,,,,,,,,,,,,,,,,,
100039000000,92011,R,Wells Fargo Bank,,,,,0,,,,,,,,,,,,,,,,,,,,,,,,,,,,,,,,,,,,,,,,,,,,,,,,,,,,,,,,,,,,,,,,,,,,,,,,,,,,,,,,,,,,,,,,,,,,,,,,,
100039000000,102011,R,Wells Fargo Bank,,,,,0,,,,,,,,,,,,,,,,,,,,,,,,,,,,,,,,,,,,,,,,,,,,,,,,,,,,,,,,,,,,,,,,,,,,,,,,,,,,,,,,,,,,,,,,,,,,,,,,,
100039000000,112011,R,Wells Fargo Bank,,,,,0,,,,,,,,,,,,,,,,,,,,,,,,,,,,,,,,,,,,,,,,,,,,,,,,,,,,,,,,,,,,,,,,,,,,,,,,,,,,,,,,,,,,,,,,,,,,,,,,,
100039000000,122011,R,Wells Fargo Bank,,,,,0,,,,,,,,,,,,,,,,,,,,,,,,,,,,,,,,,,,,,,,,,,,,,,,,,,,,,,,,,,,,,,,,,,,,,,,,,,,,,,,,,,,,,,,,,,,,,,,,,
100039000000,12012,R,Wells Fargo Bank,,,,,0,,,,,,,,,,,,,,,,,,,,,,,,,,,,,,,,,,,,,,,,,,,,,,,,,,,,,,,,,,,,,,,,,,,,,,,,,,,,,,,,,,,,,,,,,,,,,,,,,
100039000000,22012,R,Wells Fargo Bank,,,,,0,,,,,,,,,,,,,,,,,,,,,,,,,,,,,,,,,,,,,,,,,,,,,,,,,,,,,,,,,,,,,,,,,,,,,,,,,,,,,,,,,,,,,,,,,,,,,,,,,
100039000000,32012,R,Wells Fargo Bank,,,,,0,,,,,,,,,,,,,,,,,,,,,,,,,,,,,,,,,,,,,,,,,,,,,,,,,,,,,,,,,,,,,,,,,,,,,,,,,,,,,,,,,,,,,,,,,,,,,,,,,
100039000000,42012,R,Wells Fargo Bank,,,,,0,,,,,,,,,,,,,,,,,,,,,,,,,,,,,,,,,,,,,,,,,,,,,,,,,,,,,,,,,,,,,,,,,,,,,,,,,,,,,,,,,,,,,,,,,,,,,,,,,
100039000000,52012,R,Wells Fargo Bank,,,,,0,,,,,,,,,,,,,,,,,,,,,,,,,,,,,,,,,,,,,,,,,,,,,,,,,,,,,,,,,,,,,,,,,,,,,,,,,,,,,,,,,,,,,,,,,,,,,,,,,
100039000000,62012,R,Wells Fargo Bank,,,,,0,,,,,,,,,,,,,,,,,,,,,,,,,,,,,,,,,,,,,,,,,,,,,,,,,,,,,,,,,,,,,,,,,,,,,,,,,,,,,,,,,,,,,,,,,,,,,,,,,
100039000000,72012,R,Wells Fargo Bank,,,,,0,,,,,,,,,,,,,,,,,,,,,,,,,,,,,,,,,,,,,,,,,,,,,,,,,,,,,,,,,,,,,,,,,,,,,,,,,,,,,,,,,,,,,,,,,,,,,,,,,
100039000000,82012,R,Wells Fargo Bank,,,,,0,,,,,,,,,,,,,,,,,,,,,,,,,,,,,,,,,,,,,,,,,,,,,,,,,,,,,,,,,,,,,,,,,,,,,,,,,,,,,,,,,,,,,,,,,,,,,,,,,
100039000000,92012,R,Wells Fargo Bank,,,,,0,,,,,,,,,,,,,,,,,,,,,,,,,,,,,,,,,,,,,,,,,,,,,,,,,,,,,,,,,,,,,,,,,,,,,,,,,,,,,,,,,,,,,,,,,,,,,,,,,
100039000000,102012,R,Wells Fargo Bank,,,,,0,,,,,,,,,,,,,,,,,,,,,,,,,,,,,,,,,,,,,,,,,,,,,,,,,,,,,,,,,,,,,,,,,,,,,,,,,,,,,,,,,,,,,,,,,,,,,,,,,
100039000000,112012,R,Wells Fargo Bank,,,,,0,,,,,,,,,,,,,,,,,,,,,,,,,,,,,,,,,,,,,,,,,,,,,,,,,,,,,,,,,,,,,,,,,,,,,,,,,,,,,,,,,,,,,,,,,,,,,,,,,
100039000000,122012,R,Wells Fargo Bank,,,,,0,,,,,,,,,,,,,,,,,,,,,,,,,,,,,,,,,,,,,,,,,,,,,,,,,,,,,,,,,,,,,,,,,,,,,,,,,,,,,,,,,,,,,,,,,,,,,,,,,
100039000000,12013,R,Wells Fargo Bank,,,,,0,,,,,,,,,,,,,,,,,,,,,,,,,,,,,,,,,,,,,,,,,,,,,,,,,,,,,,,,,,,,,,,,,,,,,,,,,,,,,,,,,,,,,,,,,,,,,,,,,
100039000000,22013,R,Wells Fargo Bank,,,,,0,,,,,,,,,,,,,,,,,,,,,,,,,,,,,,,,,,,,,,,,,,,,,,,,,,,,,,,,,,,,,,,,,,,,,,,,,,,,,,,,,,,,,,,,,,,,,,,,,
100039000000,32013,R,Wells Fargo Bank,,,,,0,,,,,,,,,,,,,,,,,,,,,,,,,,,,,,,,,,,,,,,,,,,,,,,,,,,,,,,,,,,,,,,,,,,,,,,,,,,,,,,,,,,,,,,,,,,,,,,,,
100039000000,42013,R,Wells Fargo Bank,,,,,0,,,,,,,,,,,,,,,,,,,,,,,,,,,,,,,,,,,,,,,,,,,,,,,,,,,,,,,,,,,,,,,,,,,,,,,,,,,,,,,,,,,,,,,,,,,,,,,,,
100039000000,52013,R,Wells Fargo Bank,,,,,0,,,,,,,,,,,,,,,,,,,,,,,,,,,,,,,,,,,,,,,,,,,,,,,,,,,,,,,,,,,,,,,,,,,,,,,,,,,,,,,,,,,,,,,,,,,,,,,,,
100039000000,62013,R,Wells Fargo Bank,,,,,0,,,,,,,,,,,,,,,,,,,,,,,,,,,,,,,,,,,,,,,,,,,,,,,,,,,,,,,,,,,,,,,,,,,,,,,,,,,,,,,,,,,,,,,,,,,,,,,,,
100039000000,72013,R,Wells Fargo Bank,,,,,0,,,,,,,,,,,,,,,,,,,,,,,,,,,,,,,,,,,,,,,,,,,,,,,,,,,,,,,,,,,,,,,,,,,,,,,,,,,,,,,,,,,,,,,,,,,,,,,,,
100039000000,82013,R,Wells Fargo Bank,,,,,0,,,,,,,,,,,,,,,,,,,,,,,,,,,,,,,,,,,,,,,,,,,,,,,,,,,,,,,,,,,,,,,,,,,,,,,,,,,,,,,,,,,,,,,,,,,,,,,,,
100039000000,92013,R,Wells Fargo Bank,,,,,0,,,,,,,,,,,,,,,,,,,,,,,,,,,,,,,,,,,,,,,,,,,,,,,,,,,,,,,,,,,,,,,,,,,,,,,,,,,,,,,,,,,,,,,,,,,,,,,,,
100039000000,102013,R,Wells Fargo Bank,,,,,0,,,,,,,,,,,,,,,,,,,,,,,,,,,,,,,,,,,,,,,,,,,,,,,,,,,,,,,,,,,,,,,,,,,,,,,,,,,,,,,,,,,,,,,,,,,,,,,,,
100039000000,112013,R,Wells Fargo Bank,,,,,0,,,,,,,,,,,,,,,,,,,,,,,,,,,,,,,,,,,,,,,,,,,,,,,,,,,,,,,,,,,,,,,,,,,,,,,,,,,,,,,,,,,,,,,,,,,,,,,,,
100039000000,122013,R,Wells Fargo Bank,,,,,0,,,,,,,,,,,,,,,,,,,,,,,,,,,,,,,,,,,,,,,,,,,,,,,,,,,,,,,,,,,,,,,,,,,,,,,,,,,,,,,,,,,,,,,,,,,,,,,,,
100039000000,12014,R,Wells Fargo Bank,,,,,0,,,,,,,,,,,,,,,,,,,,,,,,,,,,,,,,,,,,,,,,,,,,,,,,,,,,,,,,,,,,,,,,,,,,,,,,,,,,,,,,,,,,,,,,,,,,,,,,,
100039000000,22014,R,Wells Fargo Bank,,,,,0,,,,,,,,,,,,,,,,,,,,,,,,,,,,,,,,,,,,,,,,,,,,,,,,,,,,,,,,,,,,,,,,,,,,,,,,,,,,,,,,,,,,,,,,,,,,,,,,,
100039000000,32014,R,Wells Fargo Bank,,,,,0,,,,,,,,,,,,,,,,,,,,,,,,,,,,,,,,,,,,,,,,,,,,,,,,,,,,,,,,,,,,,,,,,,,,,,,,,,,,,,,,,,,,,,,,,,,,,,,,,
100039000000,42014,R,Wells Fargo Bank,,,,,0,,,,,,,,,,,,,,,,,,,,,,,,,,,,,,,,,,,,,,,,,,,,,,,,,,,,,,,,,,,,,,,,,,,,,,,,,,,,,,,,,,,,,,,,,,,,,,,,,
100039000000,52014,R,Wells Fargo Bank,,,,,0,,,,,,,,,,,,,,,,,,,,,,,,,,,,,,,,,,,,,,,,,,,,,,,,,,,,,,,,,,,,,,,,,,,,,,,,,,,,,,,,,,,,,,,,,,,,,,,,,
100039000000,62014,R,Wells Fargo Bank,,,,,0,,,,,,,,,,,,,,,,,,,,,,,,,,,,,,,,,,,,,,,,,,,,,,,,,,,,,,,,,,,,,,,,,,,,,,,,,,,,,,,,,,,,,,,,,,,,,,,,,
100039000000,72014,R,Wells Fargo Bank,,,,,0,,,,,,,,,,,,,,,,,,,,,,,,,,,,,,,,,,,,,,,,,,,,,,,,,,,,,,,,,,,,,,,,,,,,,,,,,,,,,,,,,,,,,,,,,,,,,,,,,
100039000000,82014,R,Wells Fargo Bank,,,,,0,,,,,,,,,,,,,,,,,,,,,,,,,,,,,,,,,,,,,,,,,,,,,,,,,,,,,,,,,,,,,,,,,,,,,,,,,,,,,,,,,,,,,,,,,,,,,,,,,
100039000000,92014,R,Wells Fargo Bank,,,,,0,,,,,,,,,,,,,,,,,,,,,,,,,,,,,,,,,,,,,,,,,,,,,,,,,,,,,,,,,,,,,,,,,,,,,,,,,,,,,,,,,,,,,,,,,,,,,,,,,
100039000000,102014,R,Wells Fargo Bank,,,,,0,,,,,,,,,,,,,,,,,,,,,,,,,,,,,,,,,,,,,,,,,,,,,,,,,,,,,,,,,,,,,,,,,,,,,,,,,,,,,,,,,,,,,,,,,,,,,,,,,
100039000000,112014,R,Wells Fargo Bank,,,,,0,,,,,,,,,,,,,,,,,,,,,,,,,,,,,,,,,,,,,,,,,,,,,,,,,,,,,,,,,,,,,,,,,,,,,,,,,,,,,,,,,,,,,,,,,,,,,,,,,
100039000000,122014,R,Wells Fargo Bank,,,,,0,,,,,,,,,,,,,,,,,,,,,,,,,,,,,,,,,,,,,,,,,,,,,,,,,,,,,,,,,,,,,,,,,,,,,,,,,,,,,,,,,,,,,,,,,,,,,,,,,
100039000000,12015,R,Wells Fargo Bank,,,,,0,,,,,,,,,,,,,,,,,,,,,,,,,,,,,,,,,,,,,,,,,,,,,,,,,,,,,,,,,,,,,,,,,,,,,,,,,,,,,,,,,,,,,,,,,,,,,,,,,
100039000000,22015,R,Wells Fargo Bank,,,,,0,,,,,,,,,,,,,,,,,,,,,,,,,,,,,,,,,,,,,,,,,,,,,,,,,,,,,,,,,,,,,,,,,,,,,,,,,,,,,,,,,,,,,,,,,,,,,,,,,
100039000000,32015,R,Wells Fargo Bank,,,,,0,,,,,,,,,,,,,,,,,,,,,,,,,,,,,,,,,,,,,,,,,,,,,,,,,,,,,,,,,,,,,,,,,,,,,,,,,,,,,,,,,,,,,,,,,,,,,,,,,
100039000000,42015,R,Wells Fargo Bank,,,,,0,,,,,,,,,,,,,,,,,,,,,,,,,,,,,,,,,,,,,,,,,,,,,,,,,,,,,,,,,,,,,,,,,,,,,,,,,,,,,,,,,,,,,,,,,,,,,,,,,
100039000000,52015,R,Wells Fargo Bank,,,,,0,,,,,,,,,,,,,,,,,,,,,,,,,,,,,,,,,,,,,,,,,,,,,,,,,,,,,,,,,,,,,,,,,,,,,,,,,,,,,,,,,,,,,,,,,,,,,,,,,
100039000000,62015,R,Wells Fargo Bank,,,,,0,,,,,,,,,,,,,,,,,,,,,,,,,,,,,,,,,,,,,,,,,,,,,,,,,,,,,,,,,,,,,,,,,,,,,,,,,,,,,,,,,,,,,,,,,,,,,,,,,
100039000000,72015,R,Wells Fargo Bank,,,,,0,,,,,,,,,,,,,,,,,,,,,,,,,,,,,,,,,,,,,,,,,,,,,,,,,,,,,,,,,,,,,,,,,,,,,,,,,,,,,,,,,,,,,,,,,,,,,,,,,
100039000000,82015,R,Wells Fargo Bank,,,,,0,,,,,,,,,,,,,,,,,,,,,,,,,,,,,,,,,,,,,,,,,,,,,,,,,,,,,,,,,,,,,,,,,,,,,,,,,,,,,,,,,,,,,,,,,,,,,,,,,
100039000000,92015,R,Wells Fargo Bank,,,,,0,,,,,,,,,,,,,,,,,,,,,,,,,,,,,,,,,,,,,,,,,,,,,,,,,,,,,,,,,,,,,,,,,,,,,,,,,,,,,,,,,,,,,,,,,,,,,,,,,
100039000000,102015,R,Wells Fargo Bank,,,,,0,,,,,,,,,,,,,,,,,,,,,,,,,,,,,,,,,,,,,,,,,,,,,,,,,,,,,,,,,,,,,,,,,,,,,,,,,,,,,,,,,,,,,,,,,,,,,,,,,
100039000000,112015,R,Wells Fargo Bank,,,,,0,,,,,,,,,,,,,,,,,,,,,,,,,,,,,,,,,,,,,,,,,,,,,,,,,,,,,,,,,,,,,,,,,,,,,,,,,,,,,,,,,,,,,,,,,,,,,,,,,
100039000000,122015,R,Wells Fargo Bank,,,,,0,,,,,,,,,,,,,,,,,,,,,,,,,,,,,,,,,,,,,,,,,,,,,,,,,,,,,,,,,,,,,,,,,,,,,,,,,,,,,,,,,,,,,,,,,,,,,,,,,
100039000000,12016,R,Wells Fargo Bank,,,,,0,,,,,,,,,,,,,,,,,,,,,,,,,,,,,,,,,,,,,,,,,,,,,,,,,,,,,,,,,,,,,,,,,,,,,,,,,,,,,,,,,,,,,,,,,,,,,,,,,
100039000000,22016,R,Wells Fargo Bank,,,,,0,,,,,,,,,,,,,,,,,,,,,,,,,,,,,,,,,,,,,,,,,,,,,,,,,,,,,,,,,,,,,,,,,,,,,,,,,,,,,,,,,,,,,,,,,,,,,,,,,
100039000000,32016,R,Wells Fargo Bank,,,,,0,,,,,,,,,,,,,,,,,,,,,,,,,,,,,,,,,,,,,,,,,,,,,,,,,,,,,,,,,,,,,,,,,,,,,,,,,,,,,,,,,,,,,,,,,,,,,,,,,
100039000000,42016,R,Wells Fargo Bank,,,,,0,,,,,,,,,,,,,,,,,,,,,,,,,,,,,,,,,,,,,,,,,,,,,,,,,,,,,,,,,,,,,,,,,,,,,,,,,,,,,,,,,,,,,,,,,,,,,,,,,
100039000000,52016,R,Wells Fargo Bank,,,,,0,,,,,,,,,,,,,,,,,,,,,,,,,,,,,,,,,,,,,,,,,,,,,,,,,,,,,,,,,,,,,,,,,,,,,,,,,,,,,,,,,,,,,,,,,,,,,,,,,
100039000000,62016,R,Wells Fargo Bank,,,,,0,,,,,,,,,,,,,,,,,,,,,,,,,,,,,,,,,,,,,,,,,,,,,,,,,,,,,,,,,,,,,,,,,,,,,,,,,,,,,,,,,,,,,,,,,,,,,,,,,
100039000000,72016,R,Wells Fargo Bank,,,,,0,,,,,,,,,,,,,,,,,,,,,,,,,,,,,,,,,,,,,,,,,,,,,,,,,,,,,,,,,,,,,,,,,,,,,,,,,,,,,,,,,,,,,,,,,,,,,,,,,
100039000000,82016,R,Wells Fargo Bank,,,,,0,,,,,,,,,,,,,,,,,,,,,,,,,,,,,,,,,,,,,,,,,,,,,,,,,,,,,,,,,,,,,,,,,,,,,,,,,,,,,,,,,,,,,,,,,,,,,,,,,
100039000000,92016,R,Wells Fargo Bank,,,,,0,,,,,,,,,,,,,,,,,,,,,,,,,,,,,,,,,,,,,,,,,,,,,,,,,,,,,,,,,,,,,,,,,,,,,,,,,,,,,,,,,,,,,,,,,,,,,,,,,
100039000000,102016,R,Wells Fargo Bank,,,,,0,,,,,,,,,,,,,,,,,,,,,,,,,,,,,,,,,,,,,,,,,,,,,,,,,,,,,,,,,,,,,,,,,,,,,,,,,,,,,,,,,,,,,,,,,,,,,,,,,
100039000000,112016,R,Wells Fargo Bank,,,,,0,,,,,,,,,,,,,,,,,,,,,,,,,,,,,,,,,,,,,,,,,,,,,,,,,,,,,,,,,,,,,,,,,,,,,,,,,,,,,,,,,,,,,,,,,,,,,,,,,
100039000000,122016,R,Wells Fargo Bank,,,,,0,,,,,,,,,,,,,,,,,,,,,,,,,,,,,,,,,,,,,,,,,,,,,,,,,,,,,,,,,,,,,,,,,,,,,,,,,,,,,,,,,,,,,,,,,,,,,,,,,
100039000000,12017,R,Wells Fargo Bank,,,,,0,,,,,,,,,,,,,,,,,,,,,,,,,,,,,,,,,,,,,,,,,,,,,,,,,,,,,,,,,,,,,,,,,,,,,,,,,,,,,,,,,,,,,,,,,,,,,,,,,
100039000000,22017,R,Wells Fargo Bank,,,,,0,,,,,,,,,,,,,,,,,,,,,,,,,,,,,,,,,,,,,,,,,,,,,,,,,,,,,,,,,,,,,,,,,,,,,,,,,,,,,,,,,,,,,,,,,,,,,,,,,
100039000000,32017,R,Wells Fargo Bank,,,,,0,,,,,,,,,,,,,,,,,,,,,,,,,,,,,,,,,,,,,,,,,,,,,,,,,,,,,,,,,,,,,,,,,,,,,,,,,,,,,,,,,,,,,,,,,,,,,,,,,
100039000000,42017,R,Wells Fargo Bank,,,,,0,,,,,,,,,,,,,,,,,,,,,,,,,,,,,,,,,,,,,,,,,,,,,,,,,,,,,,,,,,,,,,,,,,,,,,,,,,,,,,,,,,,,,,,,,,,,,,,,,
100039000000,52017,R,Wells Fargo Bank,,,,,0,,,,,,,,,,,,,,,,,,,,,,,,,,,,,,,,,,,,,,,,,,,,,,,,,,,,,,,,,,,,,,,,,,,,,,,,,,,,,,,,,,,,,,,,,,,,,,,,,
100039000000,62017,R,Wells Fargo Bank,,,,,0,,,,,,,,,,,,,,,,,,,,,,,,,,,,,,,,,,,,,,,,,,,,,,,,,,,,,,,,,,,,,,,,,,,,,,,,,,,,,,,,,,,,,,,,,,,,,,,,,
100039000000,72017,R,Wells Fargo Bank,,,,,0,,,,,,,,,,,,,,,,,,,,,,,,,,,,,,,,,,,,,,,,,,,,,,,,,,,,,,,,,,,,,,,,,,,,,,,,,,,,,,,,,,,,,,,,,,,,,,,,,
100039000000,82017,R,Wells Fargo Bank,,,,,0,,,,,,,,,,,,,,,,,,,,,,,,,,,,,,,,,,,,,,,,,,,,,,,,,,,,,,,,,,,,,,,,,,,,,,,,,,,,,,,,,,,,,,,,,,,,,,,,,
100039000000,92017,R,Wells Fargo Bank,,,,,0,,,,,,,,,,,,,,,,,,,,,,,,,,,,,,,,,,,,,,,,,,,,,,,,,,,,,,,,,,,,,,,,,,,,,,,,,,,,,,,,,,,,,,,,,,,,,,,,,
100039000000,102017,R,Wells Fargo Bank,,,,,0,,,,,,,,,,,,,,,,,,,,,,,,,,,,,,,,,,,,,,,,,,,,,,,,,,,,,,,,,,,,,,,,,,,,,,,,,,,,,,,,,,,,,,,,,,,,,,,,,
100039000000,112017,R,Wells Fargo Bank,,,,,0,,,,,,,,,,,,,,,,,,,,,,,,,,,,,,,,,,,,,,,,,,,,,,,,,,,,,,,,,,,,,,,,,,,,,,,,,,,,,,,,,,,,,,,,,,,,,,,,,
100039000000,122017,R,Wells Fargo Bank,,,,,0,,,,,,,,,,,,,,,,,,,,,,,,,,,,,,,,,,,,,,,,,,,,,,,,,,,,,,,,,,,,,,,,,,,,,,,,,,,,,,,,,,,,,,,,,,,,,,,,,
100039000000,12018,R,Wells Fargo Bank,,,,,0,,,,,,,,,,,,,,,,,,,,,,,,,,,,,,,,,,,,,,,,,,,,,,,,,,,,,,,,,,,,,,,,,,,,,,,,,,,,,,,,,,,,,,,,,,,,,,,,,
100039000000,22018,R,Wells Fargo Bank,,,,,0,,,,,,,,,,,,,,,,,,,,,,,,,,,,,,,,,,,,,,,,,,,,,,,,,,,,,,,,,,,,,,,,,,,,,,,,,,,,,,,,,,,,,,,,,,,,,,,,,
100039000000,32018,R,Wells Fargo Bank,,,,,0,,,,,,,,,,,,,,,,,,,,,,,,,,,,,,,,,,,,,,,,,,,,,,,,,,,,,,,,,,,,,,,,,,,,,,,,,,,,,,,,,,,,,,,,,,,,,,,,,
100039000000,42018,R,Wells Fargo Bank,,,,,0,,,,,,,,,,,,,,,,,,,,,,,,,,,,,,,,,,,,,,,,,,,,,,,,,,,,,,,,,,,,,,,,,,,,,,,,,,,,,,,,,,,,,,,,,,,,,,,,,
100039000000,52018,R,Wells Fargo Bank,,,,,0,,,,,,,,,,,,,,,,,,,,,,,,,,,,,,,,,,,,,,,,,,,,,,,,,,,,,,,,,,,,,,,,,,,,,,,,,,,,,,,,,,,,,,,,,,,,,,,,,
100039000000,62018,R,Wells Fargo Bank,,,,,0,,,,,,,,,,,,,,,,,,,,,,,,,,,,,,,,,,,,,,,,,,,,,,,,,,,,,,,,,,,,,,,,,,,,,,,,,,,,,,,,,,,,,,,,,,,,,,,,,
100039000000,72018,R,Wells Fargo Bank,,,,,0,,,,,,,,,,,,,,,,,,,,,,,,,,,,,,,,,,,,,,,,,,,,,,,,,,,,,,,,,,,,,,,,,,,,,,,,,,,,,,,,,,,,,,,,,,,,,,,,,
100039000000,82018,R,Wells Fargo Bank,,,,,0,,,,,,,,,,,,,,,,,,,,,,,,,,,,,,,,,,,,,,,,,,,,,,,,,,,,,,,,,,,,,,,,,,,,,,,,,,,,,,,,,,,,,,,,,,,,,,,,,
100039000000,92018,R,Wells Fargo Bank,,,,,0,,,,,,,,,,,,,,,,,,,,,,,,,,,,,,,,,,,,,,,,,,,,,,,,,,,,,,,,,,,,,,,,,,,,,,,,,,,,,,,,,,,,,,,,,,,,,,,,,
100039000000,102018,R,Wells Fargo Bank,,,,,0,,,,,,,,,,,,,,,,,,,,,,,,,,,,,,,,,,,,,,,,,,,,,,,,,,,,,,,,,,,,,,,,,,,,,,,,,,,,,,,,,,,,,,,,,,,,,,,,,
100039000000,112018,R,Wells Fargo Bank,,,,,0,,,,,,,,,,,,,,,,,,,,,,,,,,,,,,,,,,,,,,,,,,,,,,,,,,,,,,,,,,,,,,,,,,,,,,,,,,,,,,,,,,,,,,,,,,,,,,,,,
100039000000,122018,R,Wells Fargo Bank,,,,,0,,,,,,,,,,,,,,,,,,,,,,,,,,,,,,,,,,,,,,,,,,,,,,,,,,,,,,,,,,,,,,,,,,,,,,,,,,,,,,,,,,,,,,,,,,,,,,,,,
100039000000,12019,R,Wells Fargo Bank,,,,,0,,,,,,,,,,,,,,,,,,,,,,,,,,,,,,,,,,,,,,,,,,,,,,,,,,,,,,,,,,,,,,,,,,,,,,,,,,,,,,,,,,,,,,,,,,,,,,,,,
100039000000,22019,R,Wells Fargo Bank,,,,,0,,,,,,,,,,,,,,,,,,,,,,,,,,,,,,,,,,,,,,,,,,,,,,,,,,,,,,,,,,,,,,,,,,,,,,,,,,,,,,,,,,,,,,,,,,,,,,,,,
100039000000,32019,R,Wells Fargo Bank,,,,,0,,,,,,,,,,,,,,,,,,,,,,,,,,,,,,,,,,,,,,,,,,,,,,,,,,,,,,,,,,,,,,,,,,,,,,,,,,,,,,,,,,,,,,,,,,,,,,,,,
100039000000,42019,R,Wells Fargo Bank,,,,,0,,,,,,,,,,,,,,,,,,,,,,,,,,,,,,,,,,,,,,,,,,,,,,,,,,,,,,,,,,,,,,,,,,,,,,,,,,,,,,,,,,,,,,,,,,,,,,,,,
100039000000,52019,R,Wells Fargo Bank,,,,,0,,,,,,,,,,,,,,,,,,,,,,,,,,,,,,,,,,,,,,,,,,,,,,,,,,,,,,,,,,,,,,,,,,,,,,,,,,,,,,,,,,,,,,,,,,,,,,,,,
100039000000,62019,R,Wells Fargo Bank,,,,,0,,,,,,,,,,,,,,,,,,,,,,,,,,,,,,,,,,,,,,,,,,,,,,,,,,,,,,,,,,,,,,,,,,,,,,,,,,,,,,,,,,,,,,,,,,,,,,,,,
100039000000,72019,R,Wells Fargo Bank,,,,,0,,,,,,,,,,,,,,,,,,,,,,,,,,,,,,,,,,,,,,,,,,,,,,,,,,,,,,,,,,,,,,,,,,,,,,,,,,,,,,,,,,,,,,,,,,,,,,,,,
100039000000,82019,R,Wells Fargo Bank,,,,,0,,,,,,,,,,,,,,,,,,,,,,,,,,,,,,,,,,,,,,,,,,,,,,,,,,,,,,,,,,,,,,,,,,,,,,,,,,,,,,,,,,,,,,,,,,,,,,,,,
100039000000,92019,R,Wells Fargo Bank,,,,,0,,,,,,,,,,,,,,,,,,,,,,,,,,,,,,,,,,,,,,,,,,,,,,,,,,,,,,,,,,,,,,,,,,,,,,,,,,,,,,,,,,,,,,,,,,,,,,,,,
100039000000,102019,R,Wells Fargo Bank,,,,,0,,,,,,,,,,,,,,,,,,,,,,,,,,,,,,,,,,,,,,,,,,,,,,,,,,,,,,,,,,,,,,,,,,,,,,,,,,,,,,,,,,,,,,,,,,,,,,,,,
100039000000,112019,R,Wells Fargo Bank,,,,,0,,,,,,,,,,,,,,,,,,,,,,,,,,,,,,,,,,,,,,,,,,,,,,,,,,,,,,,,,,,,,,,,,,,,,,,,,,,,,,,,,,,,,,,,,,,,,,,,,
100039000000,122019,R,Wells Fargo Bank,,,,,0,,,,,,,,,,,,,,,,,,,,,,,,,,,,,,,,,,,,,,,,,,,,,,,,,,,,,,,,,,,,,,,,,,,,,,,,,,,,,,,,,,,,,,,,,,,,,,,,,
100039000000,12020,R,Wells Fargo Bank,,,,,0,,,,,,,,,,,,,,,,,,,,,,,,,,,,,,,,,,,,,,,,,,,,,,,,,,,,,,,,,,,,,,,,,,,,,,,,,,,,,,,,,,,,,,,,,,,,,,,,,
100039000000,22020,R,Wells Fargo Bank,,,,,0,,,,,,,,,,,,,,,,,,,,,,,,,,,,,,,,,,,,,,,,,,,,,,,,,,,,,,,,,,,,,,,,,,,,,,,,,,,,,,,,,,,,,,,,,,,,,,,,,
100039000000,32020,R,Wells Fargo Bank,,,,,0,,,,,,,,,,,,,,,,,,,,,,,,,,,,,,,,,,,,,,,,,,,,,,,,,,,,,,,,,,,,,,,,,,,,,,,,,,,,,,,,,,,,,,,,,,,,,,,,,
100039000000,42020,R,Wells Fargo Bank,,,,,0,,,,,,,,,,,,,,,,,,,,,,,,,,,,,,,,,,,,,,,,,,,,,,,,,,,,,,,,,,,,,,,,,,,,,,,,,,,,,,,,,,,,,,,,,,,,,,,,,
100039000000,52020,R,Wells Fargo Bank,,,,,0,,,,,,,,,,,,,,,,,,,,,,,,,,,,,,,,,,,,,,,,,,,,,,,,,,,,,,,,,,,,,,,,,,,,,,,,,,,,,,,,,,,,,,,,,,,,,,,,,
100050000000,82009,R,Pnc Bank,,,,,0,,,,,,,,,,,,,,,,,,,,,,,,,,,,,,,,,,,,,,,,,,,,,,,,,,,,,,,,,,,,,,,,,,,,,,,,,,,,,,,,,,,,,,,,,,,,,,,,,
100050000000,92009,R,Pnc Bank,,,,,0,,,,,,,,,,,,,,,,,,,,,,,,,,,,,,,,,,,,,,,,,,,,,,,,,,,,,,,,,,,,,,,,,,,,,,,,,,,,,,,,,,,,,,,,,,,,,,,,,
100050000000,102009,R,Pnc Bank,,,,,0,,,,,,,,,,,,,,,,,,,,,,,,,,,,,,,,,,,,,,,,,,,,,,,,,,,,,,,,,,,,,,,,,,,,,,,,,,,,,,,,,,,,,,,,,,,,,,,,,
100050000000,112009,R,Pnc Bank,,,,,0,,,,,,,,,,,,,,,,,,,,,,,,,,,,,,,,,,,,,,,,,,,,,,,,,,,,,,,,,,,,,,,,,,,,,,,,,,,,,,,,,,,,,,,,,,,,,,,,,
100050000000,122009,R,Pnc Bank,,,,,0,,,,,,,,,,,,,,,,,,,,,,,,,,,,,,,,,,,,,,,,,,,,,,,,,,,,,,,,,,,,,,,,,,,,,,,,,,,,,,,,,,,,,,,,,,,,,,,,,
100050000000,12010,R,Pnc Bank,,,,,0,,,,,,,,,,,,,,,,,,,,,,,,,,,,,,,,,,,,,,,,,,,,,,,,,,,,,,,,,,,,,,,,,,,,,,,,,,,,,,,,,,,,,,,,,,,,,,,,,
100050000000,22010,R,Pnc Bank,,,,,0,,,,,,,,,,,,,,,,,,,,,,,,,,,,,,,,,,,,,,,,,,,,,,,,,,,,,,,,,,,,,,,,,,,,,,,,,,,,,,,,,,,,,,,,,,,,,,,,,
100050000000,32010,R,Pnc Bank,,,,,0,,,,,,,,,,,,,,,,,,,,,,,,,,,,,,,,,,,,,,,,,,,,,,,,,,,,,,,,,,,,,,,,,,,,,,,,,,,,,,,,,,,,,,,,,,,,,,,,,
100050000000,42010,R,Pnc Bank,,,,,0,,,,,,,,,,,,,,,,,,,,,,,,,,,,,,,,,,,,,,,,,,,,,,,,,,,,,,,,,,,,,,,,,,,,,,,,,,,,,,,,,,,,,,,,,,,,,,,,,
100050000000,52010,R,Pnc Bank,,,,,0,,,,,,,,,,,,,,,,,,,,,,,,,,,,,,,,,,,,,,,,,,,,,,,,,,,,,,,,,,,,,,,,,,,,,,,,,,,,,,,,,,,,,,,,,,,,,,,,,
100050000000,62010,R,Pnc Bank,,,,,0,,,,,,,,,,,,,,,,,,,,,,,,,,,,,,,,,,,,,,,,,,,,,,,,,,,,,,,,,,,,,,,,,,,,,,,,,,,,,,,,,,,,,,,,,,,,,,,,,
100050000000,72010,R,Pnc Bank,,,,,0,,,,,,,,,,,,,,,,,,,,,,,,,,,,,,,,,,,,,,,,,,,,,,,,,,,,,,,,,,,,,,,,,,,,,,,,,,,,,,,,,,,,,,,,,,,,,,,,,
100050000000,82010,R,Pnc Bank,,,,,0,,,,,,,,,,,,,,,,,,,,,,,,,,,,,,,,,,,,,,,,,,,,,,,,,,,,,,,,,,,,,,,,,,,,,,,,,,,,,,,,,,,,,,,,,,,,,,,,,
100050000000,92010,R,Pnc Bank,,,,,0,,,,,,,,,,,,,,,,,,,,,,,,,,,,,,,,,,,,,,,,,,,,,,,,,,,,,,,,,,,,,,,,,,,,,,,,,,,,,,,,,,,,,,,,,,,,,,,,,
100050000000,102010,R,Pnc Bank,,,,,0,,,,,,,,,,,,,,,,,,,,,,,,,,,,,,,,,,,,,,,,,,,,,,,,,,,,,,,,,,,,,,,,,,,,,,,,,,,,,,,,,,,,,,,,,,,,,,,,,
100050000000,112010,R,Pnc Bank,,,,,0,,,,,,,,,,,,,,,,,,,,,,,,,,,,,,,,,,,,,,,,,,,,,,,,,,,,,,,,,,,,,,,,,,,,,,,,,,,,,,,,,,,,,,,,,,,,,,,,,
100050000000,122010,R,Pnc Bank,,,,,0,,,,,,,,,,,,,,,,,,,,,,,,,,,,,,,,,,,,,,,,,,,,,,,,,,,,,,,,,,,,,,,,,,,,,,,,,,,,,,,,,,,,,,,,,,,,,,,,,
100050000000,12011,R,Pnc Bank,,,,,0,,,,,,,,,,,,,,,,,,,,,,,,,,,,,,,,,,,,,,,,,,,,,,,,,,,,,,,,,,,,,,,,,,,,,,,,,,,,,,,,,,,,,,,,,,,,,,,,,
100050000000,22011,R,Pnc Bank,,,,,0,,,,,,,,,,,,,,,,,,,,,,,,,,,,,,,,,,,,,,,,,,,,,,,,,,,,,,,,,,,,,,,,,,,,,,,,,,,,,,,,,,,,,,,,,,,,,,,,,
100050000000,32011,R,Pnc Bank,,,,,0,,,,,,,,,,,,,,,,,,,,,,,,,,,,,,,,,,,,,,,,,,,,,,,,,,,,,,,,,,,,,,,,,,,,,,,,,,,,,,,,,,,,,,,,,,,,,,,,,
100050000000,42011,R,Pnc Bank,,,,,0,,,,,,,,,,,,,,,,,,,,,,,,,,,,,,,,,,,,,,,,,,,,,,,,,,,,,,,,,,,,,,,,,,,,,,,,,,,,,,,,,,,,,,,,,,,,,,,,,
100050000000,52011,R,Pnc Bank,,,,,0,,,,,,,,,,,,,,,,,,,,,,,,,,,,,,,,,,,,,,,,,,,,,,,,,,,,,,,,,,,,,,,,,,,,,,,,,,,,,,,,,,,,,,,,,,,,,,,,,
100050000000,62011,R,Pnc Bank,,,,,0,,,,,,,,,,,,,,,,,,,,,,,,,,,,,,,,,,,,,,,,,,,,,,,,,,,,,,,,,,,,,,,,,,,,,,,,,,,,,,,,,,,,,,,,,,,,,,,,,
100050000000,72011,R,Pnc Bank,,,,,0,,,,,,,,,,,,,,,,,,,,,,,,,,,,,,,,,,,,,,,,,,,,,,,,,,,,,,,,,,,,,,,,,,,,,,,,,,,,,,,,,,,,,,,,,,,,,,,,,
100050000000,82011,R,Pnc Bank,,,,,0,,,,,,,,,,,,,,,,,,,,,,,,,,,,,,,,,,,,,,,,,,,,,,,,,,,,,,,,,,,,,,,,,,,,,,,,,,,,,,,,,,,,,,,,,,,,,,,,,
100050000000,92011,R,Pnc Bank,,,,,0,,,,,,,,,,,,,,,,,,,,,,,,,,,,,,,,,,,,,,,,,,,,,,,,,,,,,,,,,,,,,,,,,,,,,,,,,,,,,,,,,,,,,,,,,,,,,,,,,
100050000000,102011,R,Pnc Bank,,,,,0,,,,,,,,,,,,,,,,,,,,,,,,,,,,,,,,,,,,,,,,,,,,,,,,,,,,,,,,,,,,,,,,,,,,,,,,,,,,,,,,,,,,,,,,,,,,,,,,,
100050000000,112011,R,Pnc Bank,,,,,0,,,,,,,,,,,,,,,,,,,,,,,,,,,,,,,,,,,,,,,,,,,,,,,,,,,,,,,,,,,,,,,,,,,,,,,,,,,,,,,,,,,,,,,,,,,,,,,,,
100050000000,122011,R,Pnc Bank,,,,,0,,,,,,,,,,,,,,,,,,,,,,,,,,,,,,,,,,,,,,,,,,,,,,,,,,,,,,,,,,,,,,,,,,,,,,,,,,,,,,,,,,,,,,,,,,,,,,,,,
100050000000,12012,R,Pnc Bank,,,,,0,,,,,,,,,,,,,,,,,,,,,,,,,,,,,,,,,,,,,,,,,,,,,,,,,,,,,,,,,,,,,,,,,,,,,,,,,,,,,,,,,,,,,,,,,,,,,,,,,
100050000000,22012,R,Pnc Bank,,,,,0,,,,,,,,,,,,,,,,,,,,,,,,,,,,,,,,,,,,,,,,,,,,,,,,,,,,,,,,,,,,,,,,,,,,,,,,,,,,,,,,,,,,,,,,,,,,,,,,,
100050000000,32012,R,Pnc Bank,,,,,0,,,,,,,,,,,,,,,,,,,,,,,,,,,,,,,,,,,,,,,,,,,,,,,,,,,,,,,,,,,,,,,,,,,,,,,,,,,,,,,,,,,,,,,,,,,,,,,,,
100050000000,42012,R,Pnc Bank,,,,,0,,,,,,,,,,,,,,,,,,,,,,,,,,,,,,,,,,,,,,,,,,,,,,,,,,,,,,,,,,,,,,,,,,,,,,,,,,,,,,,,,,,,,,,,,,,,,,,,,
100050000000,52012,R,Pnc Bank,,,,,0,,,,,,,,,,,,,,,,,,,,,,,,,,,,,,,,,,,,,,,,,,,,,,,,,,,,,,,,,,,,,,,,,,,,,,,,,,,,,,,,,,,,,,,,,,,,,,,,,
100050000000,62012,R,Pnc Bank,,,,,0,,,,,,,,,,,,,,,,,,,,,,,,,,,,,,,,,,,,,,,,,,,,,,,,,,,,,,,,,,,,,,,,,,,,,,,,,,,,,,,,,,,,,,,,,,,,,,,,,
100353000000,92009,R,Jpmorgan Chase Bank,,,,,0,,,,,,,,,,,,,,,,,,,,,,,,,,,,,,,,,,,,,,,,,,,,,,,,,,,,,,,,,,,,,,,,,,,,,,,,,,,,,,,,,,,,,,,,,,,,,,,,,
100353000000,102009,R,Jpmorgan Chase Bank,,,,,0,,,,,,,,,,,,,,,,,,,,,,,,,,,,,,,,,,,,,,,,,,,,,,,,,,,,,,,,,,,,,,,,,,,,,,,,,,,,,,,,,,,,,,,,,,,,,,,,,
100353000000,112009,R,Jpmorgan Chase Bank,,,,,0,,,,,,,,,,,,,,,,,,,,,,,,,,,,,,,,,,,,,,,,,,,,,,,,,,,,,,,,,,,,,,,,,,,,,,,,,,,,,,,,,,,,,,,,,,,,,,,,,
100353000000,122009,R,Jpmorgan Chase Bank,,,,,0,,,,,,,,,,,,,,,,,,,,,,,,,,,,,,,,,,,,,,,,,,,,,,,,,,,,,,,,,,,,,,,,,,,,,,,,,,,,,,,,,,,,,,,,,,,,,,,,,
100353000000,12010,R,Jpmorgan Chase Bank,,,,,0,,,,,,,,,,,,,,,,,,,,,,,,,,,,,,,,,,,,,,,,,,,,,,,,,,,,,,,,,,,,,,,,,,,,,,,,,,,,,,,,,,,,,,,,,,,,,,,,,
100353000000,22010,R,Jpmorgan Chase Bank,,,,,0,,,,,,,,,,,,,,,,,,,,,,,,,,,,,,,,,,,,,,,,,,,,,,,,,,,,,,,,,,,,,,,,,,,,,,,,,,,,,,,,,,,,,,,,,,,,,,,,,
100353000000,32010,R,Jpmorgan Chase Bank,,,,,0,,,,,,,,,,,,,,,,,,,,,,,,,,,,,,,,,,,,,,,,,,,,,,,,,,,,,,,,,,,,,,,,,,,,,,,,,,,,,,,,,,,,,,,,,,,,,,,,,
100353000000,42010,R,Jpmorgan Chase Bank,,,,,0,,,,,,,,,,,,,,,,,,,,,,,,,,,,,,,,,,,,,,,,,,,,,,,,,,,,,,,,,,,,,,,,,,,,,,,,,,,,,,,,,,,,,,,,,,,,,,,,,
100353000000,52010,R,Jpmorgan Chase Bank,,,,,0,,,,,,,,,,,,,,,,,,,,,,,,,,,,,,,,,,,,,,,,,,,,,,,,,,,,,,,,,,,,,,,,,,,,,,,,,,,,,,,,,,,,,,,,,,,,,,,,,
100353000000,62010,R,Jpmorgan Chase Bank,,,,,0,,,,,,,,,,,,,,,,,,,,,,,,,,,,,,,,,,,,,,,,,,,,,,,,,,,,,,,,,,,,,,,,,,,,,,,,,,,,,,,,,,,,,,,,,,,,,,,,,
100353000000,72010,R,Jpmorgan Chase Bank,,,,,0,,,,,,,,,,,,,,,,,,,,,,,,,,,,,,,,,,,,,,,,,,,,,,,,,,,,,,,,,,,,,,,,,,,,,,,,,,,,,,,,,,,,,,,,,,,,,,,,,
100353000000,82010,R,Jpmorgan Chase Bank,,,,,0,,,,,,,,,,,,,,,,,,,,,,,,,,,,,,,,,,,,,,,,,,,,,,,,,,,,,,,,,,,,,,,,,,,,,,,,,,,,,,,,,,,,,,,,,,,,,,,,,
100353000000,92010,R,Jpmorgan Chase Bank,,,,,0,,,,,,,,,,,,,,,,,,,,,,,,,,,,,,,,,,,,,,,,,,,,,,,,,,,,,,,,,,,,,,,,,,,,,,,,,,,,,,,,,,,,,,,,,,,,,,,,,
100353000000,102010,R,Jpmorgan Chase Bank,,,,,0,,,,,,,,,,,,,,,,,,,,,,,,,,,,,,,,,,,,,,,,,,,,,,,,,,,,,,,,,,,,,,,,,,,,,,,,,,,,,,,,,,,,,,,,,,,,,,,,,
100353000000,112010,R,Jpmorgan Chase Bank,,,,,0,,,,,,,,,,,,,,,,,,,,,,,,,,,,,,,,,,,,,,,,,,,,,,,,,,,,,,,,,,,,,,,,,,,,,,,,,,,,,,,,,,,,,,,,,,,,,,,,,
100353000000,122010,R,Jpmorgan Chase Bank,,,,,0,,,,,,,,,,,,,,,,,,,,,,,,,,,,,,,,,,,,,,,,,,,,,,,,,,,,,,,,,,,,,,,,,,,,,,,,,,,,,,,,,,,,,,,,,,,,,,,,,
100353000000,12011,R,Jpmorgan Chase Bank,,,,,0,,,,,,,,,,,,,,,,,,,,,,,,,,,,,,,,,,,,,,,,,,,,,,,,,,,,,,,,,,,,,,,,,,,,,,,,,,,,,,,,,,,,,,,,,,,,,,,,,
100353000000,22011,R,Jpmorgan Chase Bank,,,,,0,,,,,,,,,,,,,,,,,,,,,,,,,,,,,,,,,,,,,,,,,,,,,,,,,,,,,,,,,,,,,,,,,,,,,,,,,,,,,,,,,,,,,,,,,,,,,,,,,
100353000000,32011,R,Jpmorgan Chase Bank,,,,,0,,,,,,,,,,,,,,,,,,,,,,,,,,,,,,,,,,,,,,,,,,,,,,,,,,,,,,,,,,,,,,,,,,,,,,,,,,,,,,,,,,,,,,,,,,,,,,,,,
100353000000,42011,R,Jpmorgan Chase Bank,,,,,0,,,,,,,,,,,,,,,,,,,,,,,,,,,,,,,,,,,,,,,,,,,,,,,,,,,,,,,,,,,,,,,,,,,,,,,,,,,,,,,,,,,,,,,,,,,,,,,,,
100353000000,52011,R,Jpmorgan Chase Bank,,,,,0,,,,,,,,,,,,,,,,,,,,,,,,,,,,,,,,,,,,,,,,,,,,,,,,,,,,,,,,,,,,,,,,,,,,,,,,,,,,,,,,,,,,,,,,,,,,,,,,,
100353000000,62011,R,Jpmorgan Chase Bank,,,,,0,,,,,,,,,,,,,,,,,,,,,,,,,,,,,,,,,,,,,,,,,,,,,,,,,,,,,,,,,,,,,,,,,,,,,,,,,,,,,,,,,,,,,,,,,,,,,,,,,
100353000000,72011,R,Jpmorgan Chase Bank,,,,,0,,,,,,,,,,,,,,,,,,,,,,,,,,,,,,,,,,,,,,,,,,,,,,,,,,,,,,,,,,,,,,,,,,,,,,,,,,,,,,,,,,,,,,,,,,,,,,,,,
100353000000,82011,R,Jpmorgan Chase Bank,,,,,0,,,,,,,,,,,,,,,,,,,,,,,,,,,,,,,,,,,,,,,,,,,,,,,,,,,,,,,,,,,,,,,,,,,,,,,,,,,,,,,,,,,,,,,,,,,,,,,,,
100353000000,92011,R,Jpmorgan Chase Bank,,,,,0,,,,,,,,,,,,,,,,,,,,,,,,,,,,,,,,,,,,,,,,,,,,,,,,,,,,,,,,,,,,,,,,,,,,,,,,,,,,,,,,,,,,,,,,,,,,,,,,,
100353000000,102011,R,Jpmorgan Chase Bank,,,,,0,,,,,,,,,,,,,,,,,,,,,,,,,,,,,,,,,,,,,,,,,,,,,,,,,,,,,,,,,,,,,,,,,,,,,,,,,,,,,,,,,,,,,,,,,,,,,,,,,
100353000000,112011,R,Jpmorgan Chase Bank,,,,,0,,,,,,,,,,,,,,,,,,,,,,,,,,,,,,,,,,,,,,,,,,,,,,,,,,,,,,,,,,,,,,,,,,,,,,,,,,,,,,,,,,,,,,,,,,,,,,,,,
100353000000,122011,R,Jpmorgan Chase Bank,,,,,0,,,,,,,,,,,,,,,,,,,,,,,,,,,,,,,,,,,,,,,,,,,,,,,,,,,,,,,,,,,,,,,,,,,,,,,,,,,,,,,,,,,,,,,,,,,,,,,,,
100353000000,12012,R,Jpmorgan Chase Bank,,,,,0,,,,,,,,,,,,,,,,,,,,,,,,,,,,,,,,,,,,,,,,,,,,,,,,,,,,,,,,,,,,,,,,,,,,,,,,,,,,,,,,,,,,,,,,,,,,,,,,,
100353000000,22012,R,Jpmorgan Chase Bank,,,,,0,,,,,,,,,,,,,,,,,,,,,,,,,,,,,,,,,,,,,,,,,,,,,,,,,,,,,,,,,,,,,,,,,,,,,,,,,,,,,,,,,,,,,,,,,,,,,,,,,
100353000000,32012,R,Jpmorgan Chase Bank,,,,,0,,,,,,,,,,,,,,,,,,,,,,,,,,,,,,,,,,,,,,,,,,,,,,,,,,,,,,,,,,,,,,,,,,,,,,,,,,,,,,,,,,,,,,,,,,,,,,,,,
100353000000,42012,R,Jpmorgan Chase Bank,,,,,0,,,,,,,,,,,,,,,,,,,,,,,,,,,,,,,,,,,,,,,,,,,,,,,,,,,,,,,,,,,,,,,,,,,,,,,,,,,,,,,,,,,,,,,,,,,,,,,,,
100353000000,52012,R,Jpmorgan Chase Bank,,,,,0,,,,,,,,,,,,,,,,,,,,,,,,,,,,,,,,,,,,,,,,,,,,,,,,,,,,,,,,,,,,,,,,,,,,,,,,,,,,,,,,,,,,,,,,,,,,,,,,,
100353000000,62012,R,Jpmorgan Chase Bank,,,,,0,,,,,,,,,,,,,,,,,,,,,,,,,,,,,,,,,,,,,,,,,,,,,,,,,,,,,,,,,,,,,,,,,,,,,,,,,,,,,,,,,,,,,,,,,,,,,,,,,
100353000000,72012,R,Jpmorgan Chase Bank,,,,,0,,,,,,,,,,,,,,,,,,,,,,,,,,,,,,,,,,,,,,,,,,,,,,,,,,,,,,,,,,,,,,,,,,,,,,,,,,,,,,,,,,,,,,,,,,,,,,,,,
100353000000,82012,R,Jpmorgan Chase Bank,,,,,0,,,,,,,,,,,,,,,,,,,,,,,,,,,,,,,,,,,,,,,,,,,,,,,,,,,,,,,,,,,,,,,,,,,,,,,,,,,,,,,,,,,,,,,,,,,,,,,,,
100353000000,92012,R,Jpmorgan Chase Bank,,,,,0,,,,,,,,,,,,,,,,,,,,,,,,,,,,,,,,,,,,,,,,,,,,,,,,,,,,,,,,,,,,,,,,,,,,,,,,,,,,,,,,,,,,,,,,,,,,,,,,,
100353000000,102012,R,Jpmorgan Chase Bank,,,,,0,,,,,,,,,,,,,,,,,,,,,,,,,,,,,,,,,,,,,,,,,,,,,,,,,,,,,,,,,,,,,,,,,,,,,,,,,,,,,,,,,,,,,,,,,,,,,,,,,
100353000000,112012,R,Jpmorgan Chase Bank,,,,,0,,,,,,,,,,,,,,,,,,,,,,,,,,,,,,,,,,,,,,,,,,,,,,,,,,,,,,,,,,,,,,,,,,,,,,,,,,,,,,,,,,,,,,,,,,,,,,,,,
100353000000,122012,R,Jpmorgan Chase Bank,,,,,0,,,,,,,,,,,,,,,,,,,,,,,,,,,,,,,,,,,,,,,,,,,,,,,,,,,,,,,,,,,,,,,,,,,,,,,,,,,,,,,,,,,,,,,,,,,,,,,,,
100353000000,12013,R,Jpmorgan Chase Bank,,,,,0,,,,,,,,,,,,,,,,,,,,,,,,,,,,,,,,,,,,,,,,,,,,,,,,,,,,,,,,,,,,,,,,,,,,,,,,,,,,,,,,,,,,,,,,,,,,,,,,,
100353000000,22013,R,Jpmorgan Chase Bank,,,,,0,,,,,,,,,,,,,,,,,,,,,,,,,,,,,,,,,,,,,,,,,,,,,,,,,,,,,,,,,,,,,,,,,,,,,,,,,,,,,,,,,,,,,,,,,,,,,,,,,
100353000000,32013,R,Jpmorgan Chase Bank,,,,,0,,,,,,,,,,,,,,,,,,,,,,,,,,,,,,,,,,,,,,,,,,,,,,,,,,,,,,,,,,,,,,,,,,,,,,,,,,,,,,,,,,,,,,,,,,,,,,,,,
100353000000,42013,R,Jpmorgan Chase Bank,,,,,0,,,,,,,,,,,,,,,,,,,,,,,,,,,,,,,,,,,,,,,,,,,,,,,,,,,,,,,,,,,,,,,,,,,,,,,,,,,,,,,,,,,,,,,,,,,,,,,,,
100353000000,52013,R,Jpmorgan Chase Bank,,,,,0,,,,,,,,,,,,,,,,,,,,,,,,,,,,,,,,,,,,,,,,,,,,,,,,,,,,,,,,,,,,,,,,,,,,,,,,,,,,,,,,,,,,,,,,,,,,,,,,,
100353000000,62013,R,Jpmorgan Chase Bank,,,,,0,,,,,,,,,,,,,,,,,,,,,,,,,,,,,,,,,,,,,,,,,,,,,,,,,,,,,,,,,,,,,,,,,,,,,,,,,,,,,,,,,,,,,,,,,,,,,,,,,
100353000000,72013,R,Jpmorgan Chase Bank,,,,,0,,,,,,,,,,,,,,,,,,,,,,,,,,,,,,,,,,,,,,,,,,,,,,,,,,,,,,,,,,,,,,,,,,,,,,,,,,,,,,,,,,,,,,,,,,,,,,,,,
100353000000,82013,R,Jpmorgan Chase Bank,,,,,0,,,,,,,,,,,,,,,,,,,,,,,,,,,,,,,,,,,,,,,,,,,,,,,,,,,,,,,,,,,,,,,,,,,,,,,,,,,,,,,,,,,,,,,,,,,,,,,,,
100353000000,92013,R,Jpmorgan Chase Bank,,,,,0,,,,,,,,,,,,,,,,,,,,,,,,,,,,,,,,,,,,,,,,,,,,,,,,,,,,,,,,,,,,,,,,,,,,,,,,,,,,,,,,,,,,,,,,,,,,,,,,,
100353000000,102013,R,Jpmorgan Chase Bank,,,,,0,,,,,,,,,,,,,,,,,,,,,,,,,,,,,,,,,,,,,,,,,,,,,,,,,,,,,,,,,,,,,,,,,,,,,,,,,,,,,,,,,,,,,,,,,,,,,,,,,
100830000000,72009,B,Other,Other,,5.875,5.875,0,175000,,0,360,72009,92009,-1,361,360,82039,80,90,2,32,666,699,N,P,PU,1,P,FL,23540,326,,FRM,N,N,,,0,,N,,,,,,,,,,,,,,,,,,,,,,,,,,,,,,,,N,,,,,,,N,,,,,,N,,,,,,,,,,,,,,,,N,,,
100830000000,82009,B,Other,Other,,5.875,5.875,0,175000,,0,360,72009,92009,0,360,359,82039,80,90,2,32,666,699,N,P,PU,1,P,FL,23540,326,,FRM,N,N,,,0,,N,,,,,,,,,,,,,,,,,,,,,,,,,,,,,,,,Y,,,,,,,N,,,,,,N,,,,,,,,,,,,,,,,N,,,
100830000000,92009,B,Other,Other,,5.875,5.875,0,175000,,0,360,72009,92009,1,359,359,82039,80,90,2,32,666,699,N,P,PU,1,P,FL,23540,326,,FRM,N,N,,,0,,N,,,,,,,,,,,,,,,,,,,,,,,,,,,,,,,,N,,,,,,,N,,,,,,N,,,,,,,,,,,,,,,,N,,,
100830000000,102009,B,Other,Other,,5.875,5.875,0,175000,,0,360,72009,92009,2,358,358,82039,80,90,2,32,666,699,N,P,PU,1,P,FL,23540,326,,FRM,N,N,,,0,,N,,,,,,,,,,,,,,,,,,,,,,,,,,,,,,,,N,,,,,,,N,,,,,,N,,,,,,,,,,,,,,,,N,,,
100830000000,112009,B,Other,Other,,5.875,5.875,0,175000,,0,360,72009,92009,3,357,357,82039,80,90,2,32,666,699,N,P,PU,1,P,FL,23540,326,,FRM,N,N,,,0,,N,,,,,,,,,,,,,,,,,,,,,,,,,,,,,,,,N,,,,,,,N,,,,,,N,,,,,,,,,,,,,,,,N,,,
100830000000,122009,B,Other,Other,,5.875,5.875,0,175000,,0,360,72009,92009,4,356,356,82039,80,90,2,32,666,699,N,P,PU,1,P,FL,23540,326,,FRM,N,N,,,0,,N,,,,,,,,,,,,,,,,,,,,,,,,,,,,,,,,N,,,,,,,N,,,,,,N,,,,,,,,,,,,,,,,N,,,
100830000000,12010,B,Other,Other,,5.875,5.875,0,175000,,174218.51,360,72009,92009,5,355,355,82039,80,90,2,32,666,699,N,P,PU,1,P,FL,23540,326,,FRM,N,N,,,0,,N,,,,,,,,,,,,,,,,,,,,,,,,,,,,,,,,N,,,,,,,N,,,,,,N,,,,,,,,,,,,,,,,N,,,
100830000000,22010,B,Other,Other,,5.875,5.875,0,175000,,174035.55,360,72009,92009,6,354,354,82039,80,90,2,32,666,699,N,P,PU,1,P,FL,23540,326,,FRM,N,N,,,0,,N,,,,,,,,,,,,,,,,,,,,,,,,,,,,,,,,N,,,,,,,N,,,,,,N,,,,,,,,,,,,,,,,N,,,
100830000000,32010,B,Other,Other,,5.875,5.875,0,175000,,173851.7,360,72009,92009,7,353,353,82039,80,90,2,32,666,699,N,P,PU,1,P,FL,23540,326,,FRM,N,N,,,0,,N,,,,,,,,,,,,,,,,,,,,,,,,,,,,,,,,N,,,,,,,N,,,,,,N,,,,,,,,,,,,,,,,N,,,
100830000000,42010,B,Other,Other,,5.875,5.875,0,175000,,173666.95,360,72009,92009,8,352,352,82039,80,90,2,32,666,699,N,P,PU,1,P,FL,23540,326,,FRM,N,N,,,0,,N,,,,,,,,,,,,,,,,,,,,,,,,,,,,,,,,N,,,,,,,N,,,,,,N,,,,,,,,,,,,,,,,N,,,
100830000000,52010,B,Other,Other,,5.875,5.875,0,175000,,173481.29,360,72009,92009,9,351,351,82039,80,90,2,32,666,699,N,P,PU,1,P,FL,23540,326,,FRM,N,N,,,0,,N,,,,,,,,,,,,,,,,,,,,,,,,,,,,,,,,N,,,,,,,N,,,,,,N,,,,,,,,,,,,,,,,N,,,
100830000000,62010,B,Other,Other,,5.875,5.875,0,175000,,173294.73,360,72009,92009,10,350,350,82039,80,90,2,32,666,699,N,P,PU,1,P,FL,23540,326,,FRM,N,N,,,0,,N,,,,,,,,,,,,,,,,,,,,,,,,,,,,,,,,N,,,,,,,N,,,,,,N,,,,,,,,,,,,,,,,N,,,
100830000000,72010,B,Other,Other,,5.875,5.875,0,175000,,173107.25,360,72009,92009,11,349,349,82039,80,90,2,32,666,699,N,P,PU,1,P,FL,23540,326,,FRM,N,N,,,0,,N,,,,,,,,,,,,,,,,,,,,,,,,,,,,,,,,N,,,,,,,N,,,,,,N,,,,,,,,,,,,,,,,N,,,
100830000000,82010,B,Other,Other,,5.875,5.875,0,175000,,172918.85,360,72009,92009,12,348,348,82039,80,90,2,32,666,699,N,P,PU,1,P,FL,23540,326,,FRM,N,N,,,0,,N,,,,,,,,,,,,,,,,,,,,,,,,,,,,,,,,N,,,,,,,N,,,,,,N,,,,,,,,,,,,,,,,N,,,
100830000000,92010,B,Other,Other,,5.875,5.875,0,175000,,172918.85,360,72009,92009,13,347,348,82039,80,90,2,32,666,699,N,P,PU,1,P,FL,23540,326,,FRM,N,N,,,1,,N,,,,,,,,,,,,,,,,,,,,,,,,,,,,,,,,Y,,,,,,,N,,,,,,N,,,,,,,,,,,,,,,,N,,,
100830000000,102010,B,Other,Other,,5.875,5.875,0,175000,,172539.28,360,72009,92009,14,346,346,82039,80,90,2,32,666,699,N,P,PU,1,P,FL,23540,326,,FRM,N,N,,,0,,N,,,,,,,,,,,,,,,,,,,,,,,,,,,,,,,,N,,,,,,,N,,,,,,N,,,,,,,,,,,,,,,,N,,,
100830000000,112010,B,Other,Other,,5.875,5.875,0,175000,,172348.1,360,72009,92009,15,345,345,82039,80,90,2,32,666,699,N,P,PU,1,P,FL,23540,326,,FRM,N,N,,,0,,N,,,,,,,,,,,,,,,,,,,,,,,,,,,,,,,,N,,,,,,,N,,,,,,N,,,,,,,,,,,,,,,,N,,,
100830000000,122010,B,Other,Other,,5.875,5.875,0,175000,,172155.99,360,72009,92009,16,344,344,82039,80,90,2,32,666,699,N,P,PU,1,P,FL,23540,326,,FRM,N,N,,,0,,N,,,,,,,,,,,,,,,,,,,,,,,,,,,,,,,,N,,,,,,,N,,,,,,N,,,,,,,,,,,,,,,,N,,,
100830000000,12011,B,Other,Other,,5.875,5.875,0,175000,,171962.94,360,72009,92009,17,343,343,82039,80,90,2,32,666,699,N,P,PU,1,P,FL,23540,326,,FRM,N,N,,,0,,N,,,,,,,,,,,,,,,,,,,,,,,,,,,,,,,,N,,,,,,,N,,,,,,N,,,,,,,,,,,,,,,,N,,,
100830000000,22011,B,Other,Other,,5.875,5.875,0,175000,,171768.94,360,72009,92009,18,342,342,82039,80,90,2,32,666,699,N,P,PU,1,P,FL,23540,326,,FRM,N,N,,,0,,N,,,,,,,,,,,,,,,,,,,,,,,,,,,,,,,,N,,,,,,,N,,,,,,N,,,,,,,,,,,,,,,,N,,,
100830000000,32011,B,Other,Other,,5.875,5.875,0,175000,,171573.99,360,72009,92009,19,341,341,82039,80,90,2,32,666,699,N,P,PU,1,P,FL,23540,326,,FRM,N,N,,,0,,N,,,,,,,,,,,,,,,,,,,,,,,,,,,,,,,,N,,,,,,,N,,,,,,N,,,,,,,,,,,,,,,,N,,,
100830000000,42011,B,Other,Other,,5.875,5.875,0,175000,,171378.09,360,72009,92009,20,340,340,82039,80,90,2,32,666,699,N,P,PU,1,P,FL,23540,326,,FRM,N,N,,,0,,N,,,,,,,,,,,,,,,,,,,,,,,,,,,,,,,,N,,,,,,,N,,,,,,N,,,,,,,,,,,,,,,,N,,,
100830000000,52011,B,Other,Other,,5.875,5.875,0,175000,,171378.09,360,72009,92009,21,339,340,82039,80,90,2,32,666,699,N,P,PU,1,P,FL,23540,326,,FRM,N,N,,,1,,N,,,,,,,,,,,,,,,,,,,,,,,,,,,,,,,,N,,,,,,,N,,,,,,N,,,,,,,,,,,,,,,,N,,,
100830000000,62011,B,Other,Other,,5.875,5.875,0,175000,,171378.09,360,72009,92009,22,338,340,82039,80,90,2,32,666,699,N,P,PU,1,P,FL,23540,326,,FRM,N,N,,,2,,N,,,,,,,,,,,,,,,,,,,,,,,,,,,,,,,,N,,,,,,,N,,,,,,N,,,,,,,,,,,,,,,,N,,,
100830000000,72011,B,Other,Other,,5.875,5.875,0,175000,,171378.09,360,72009,92009,23,337,340,82039,80,90,2,32,666,699,N,P,PU,1,P,FL,23540,326,,FRM,N,N,,,3,,N,,,,,,,,,,,,,,,,,,,,,,,,,,,,,,,,N,,,,,,,N,,,,,,N,,,,,,,,,,,,,,,,N,,,
100830000000,82011,B,Other,Other,,5.875,5.875,0,175000,,171378.09,360,72009,92009,24,336,340,82039,80,90,2,32,666,699,N,P,PU,1,P,FL,23540,326,,FRM,N,N,,,4,,N,,,,,,,,,,,,,,,,,,,,,,,,,,,,,,,,N,,,,,,,N,,,,,,N,,,,,,,,,,,,,,,,N,,,
100830000000,92011,B,Other,Other,,5.875,5.875,0,175000,,171378.09,360,72009,92009,25,335,340,82039,80,90,2,32,666,699,N,P,PU,1,P,FL,23540,326,,FRM,N,N,,,5,,N,,,,,,,,,,,,,,,,,,,,,,,,,,,,,,,,N,,,,,,,N,,,,,,N,,,,,,,,,,,,,,,,N,,,
100830000000,102011,B,Other,Other,,5.875,5.875,0,175000,,171378.09,360,72009,92009,26,334,340,82039,80,90,2,32,666,699,N,P,PU,1,P,FL,23540,326,,FRM,N,N,,,6,,N,,,,,,,,,,,,,,,,,,,,,,,,,,,,,,,,N,,,,,,,N,,,,,,N,,,,,,,,,,,,,,,,N,,,
100830000000,112011,B,Other,Other,,5.875,5.875,0,175000,,171378.09,360,72009,92009,27,333,340,82039,80,90,2,32,666,699,N,P,PU,1,P,FL,23540,326,,FRM,N,N,,,7,,N,,,,,,,,,,,,,,,,,,,,,,,,,,,,,,,,N,,,,,,,N,,,,,,N,,,,,,,,,,,,,,,,N,,,
100830000000,122011,B,Other,Other,,5.875,5.875,0,175000,,171378.09,360,72009,92009,28,332,340,82039,80,90,2,32,666,699,N,P,PU,1,P,FL,23540,326,,FRM,N,N,,,8,,N,,,,,,,,,,,,,,,,,,,,,,,,,,,,,,,,N,,,,,,,N,,,,,,N,,,,,,,,,,,,,,,,N,,,
100830000000,12012,B,Other,Other,,5.875,5.875,0,175000,,171378.09,360,72009,92009,29,331,340,82039,80,90,2,32,666,699,N,P,PU,1,P,FL,23540,326,,FRM,N,N,,,9,,N,,,,,,,,,,,,,,,,,,,,,,,,,,,,,,,,N,,,,,,,N,,,,,,N,,,,,,,,,,,,,,,,N,,,
100830000000,22012,B,Other,Other,,5.875,5.875,0,175000,,171378.09,360,72009,92009,30,330,340,82039,80,90,2,32,666,699,N,P,PU,1,P,FL,23540,326,,FRM,N,N,,,10,,N,,,,,,,,,,,,,,,,,,,,,,,,,,,,,,,,N,,,,,,,N,,,,,,N,,,,,,,,,,,,,,,,N,,,
100830000000,32012,B,Other,Other,,5.875,5.875,0,175000,,171378.09,360,72009,92009,31,329,340,82039,80,90,2,32,666,699,N,P,PU,1,P,FL,23540,326,,FRM,N,N,,,11,,N,,,,,,,,,,,,,,,,,,,,,,,,,,,,,,,,N,,,,,,,N,,,,,,N,,,,,,,,,,,,,,,,N,,,
100830000000,42012,B,Other,Other,,5.875,5.875,0,175000,,171378.09,360,72009,92009,32,328,340,82039,80,90,2,32,666,699,N,P,PU,1,P,FL,23540,326,,FRM,N,N,,,12,,N,,,,,,,,,,,,,,,,,,,,,,,,,,,,,,,,N,,,,,,,N,,,,,,N,,,,,,,,,,,,,,,,N,,,
100830000000,52012,B,Other,Other,,5.875,5.875,0,175000,,171378.09,360,72009,92009,33,327,340,82039,80,90,2,32,666,699,N,P,PU,1,P,FL,23540,326,,FRM,N,N,,,13,,N,,,,,,,,,,,,,,,,,,,,,,,,,,,,,,,,N,,,,,,,N,,,,,,N,,,,,,,,,,,,,,,,N,,,
100830000000,62012,B,Other,Other,,5.875,5.875,0,175000,,171378.09,360,72009,92009,34,326,340,82039,80,90,2,32,666,699,N,P,PU,1,P,FL,23540,326,,FRM,N,N,,,14,,N,,,,,,,,,,,,,,,,,,,,,,,,,,,,,,,,N,,,,,,,N,,,,,,N,,,,,,,,,,,,,,,,N,,,
100830000000,72012,B,Other,Other,,5.875,5.875,0,175000,,171378.09,360,72009,92009,35,325,340,82039,80,90,2,32,666,699,N,P,PU,1,P,FL,23540,326,,FRM,N,N,,,15,,N,,,,,,,,,,,,,,,,,,,,,,,,,,,,,,,,N,,,,,,,N,,,,,,N,,,,,,,,,,,,,,,,N,,,
100830000000,82012,B,Other,Other,,5.875,5.875,0,175000,,171378.09,360,72009,92009,36,324,340,82039,80,90,2,32,666,699,N,P,PU,1,P,FL,23540,326,,FRM,N,N,,,16,,N,,,,,,,,,,,,,,,,,,,,,,,,,,,,,,,,N,,,,,,,N,,,,,,N,,,,,,,,,,,,,,,,N,,,
100830000000,92012,B,Other,Other,,5.875,5.875,0,175000,,171378.09,360,72009,92009,37,323,340,82039,80,90,2,32,666,699,N,P,PU,1,P,FL,23540,326,,FRM,N,N,,,17,,N,,,,,,,,,,,,,,,,,,,,,,,,,,,,,,,,N,,,,,,,N,,,,,,N,,,,,,,,,,,,,,,,N,,,
100830000000,102012,B,Other,Other,,5.875,5.875,0,175000,,171378.09,360,72009,92009,38,322,340,82039,80,90,2,32,666,699,N,P,PU,1,P,FL,23540,326,,FRM,N,N,,,18,,N,,,,,,,,,,,,,,,,,,,,,,,,,,,,,,,,N,,,,,,,N,,,,,,N,,,,,,,,,,,,,,,,N,,,
100830000000,112012,B,Other,Other,,5.875,5.875,0,175000,,171378.09,360,72009,92009,39,321,340,82039,80,90,2,32,666,699,N,P,PU,1,P,FL,23540,326,,FRM,N,N,,,19,,N,,,,,,,,,,,,,,,,,,,,,,,,,,,,,,,,N,,,,,,,N,,,,,,N,,,,,,,,,,,,,,,,N,,,
100830000000,122012,B,Other,Other,,5.875,5.875,0,175000,,171378.09,360,72009,92009,40,320,340,82039,80,90,2,32,666,699,N,P,PU,1,P,FL,23540,326,,FRM,N,N,,,20,,N,,,,,,,,,,,,,,,,,,,,,,,,,,,,,,,,N,,,,,,,N,,,,,,N,,,,,,,,,,,,,,,,N,,,
100830000000,12013,B,Other,Other,,5.875,5.875,0,175000,,171378.09,360,72009,92009,41,319,340,82039,80,90,2,32,666,699,N,P,PU,1,P,FL,23540,326,,FRM,N,N,,,21,,N,,,,,,,,,,,,,,,,,,,,,,,,,,,,,,,,N,,,,,,,N,,,,,,N,,,,,,,,,,,,,,,,N,,,
100830000000,22013,B,Other,Other,,5.875,5.875,0,175000,,171378.09,360,72009,92009,42,318,340,82039,80,90,2,32,666,699,N,P,PU,1,P,FL,23540,326,,FRM,N,N,,,22,,N,,,,,,,,,,,,,,,,,,,,,,,,,,,,,,,,N,,,,,,,N,,,,,,N,,,,,,,,,,,,,,,,N,,,
100830000000,32013,B,Other,Other,,5.875,5.875,0,175000,,171378.09,360,72009,92009,43,317,340,82039,80,90,2,32,666,699,N,P,PU,1,P,FL,23540,326,,FRM,N,N,,,23,,N,,,,,,,,,,,,,,,,,,,,,,,,,,,,,,,,N,,,,,,,N,,,,,,N,,,,,,,,,,,,,,,,N,,,
100830000000,42013,B,Other,Other,,5.875,5.875,0,175000,,171378.09,360,72009,92009,44,316,340,82039,80,90,2,32,666,699,N,P,PU,1,P,FL,23540,326,,FRM,N,N,,,24,,N,,,,,,,,,,,,,,,,,,,,,,,,,,,,,,,,N,,,,,,,N,,,,,,N,,,,,,,,,,,,,,,,N,,,
100830000000,52013,B,Other,Other,,5.875,5.875,0,175000,,171378.09,360,72009,92009,45,315,340,82039,80,90,2,32,666,699,N,P,PU,1,P,FL,23540,326,,FRM,N,N,,,25,,N,,,,,,,,,,,,,,,,,,,,,,,,,,,,,,,,N,,,,,,,N,,,,,,N,,,,,,,,,,,,,,,,N,,,
100830000000,62013,B,Other,Other,,5.875,5.875,0,175000,,171378.09,360,72009,92009,46,314,340,82039,80,90,2,32,666,699,N,P,PU,1,P,FL,23540,326,,FRM,N,N,,,26,,N,,,,,,,,,,,,,,,,,,,,,,,,,,,,,,,,N,,,,,,,N,,,,,,N,,,,,,,,,,,,,,,,N,,,
100830000000,72013,B,Other,Fannie Mae/Seterus,,,,0,,,,,,,,,,,,,,,,,,,,,,,,,,,,,,,,,,,,,,,,,,,,,,,,,,,,,,,,,,,,,,,,,,,,,,,,,,,,,,,,,,,,,,,,,,,,,,,,,
100830000000,82013,B,Other,Fannie Mae/Seterus,,,,0,,,,,,,,,,,,,,,,,,,,,,,,,,,,,,,,,,,,,,,,,,,,,,,,,,,,,,,,,,,,,,,,,,,,,,,,,,,,,,,,,,,,,,,,,,,,,,,,,
100830000000,92013,B,Other,Fannie Mae/Seterus,,,,0,,,,,,,,,,,,,,,,,,,,,,,,,,,,,,,,,,,,,,,,,,,,,,,,,,,,,,,,,,,,,,,,,,,,,,,,,,,,,,,,,,,,,,,,,,,,,,,,,
100830000000,102013,B,Other,Other,,5.875,4,1.875,175000,,199984.52,360,72009,92009,50,478,,82053,80,90,2,32,666,699,N,P,PU,1,P,FL,23540,326,,FRM,N,N,,,0,,Y,,,,,,,,,,,,,,,,,,,,,0,,,,,,,,,,,N,,,,,,,N,,,,,,N,,,,,,,,,,,,,,,,N,,,
100830000000,112013,B,Other,Other,,5.875,4,1.875,175000,,199801.68,360,72009,92009,51,477,,82053,80,90,2,32,666,699,N,P,PU,1,P,FL,23540,326,,FRM,N,N,,,0,,Y,,,,,,,,,,,,,,,,,,,,,0,,,,,,,,,,,N,,,,,,,N,,,,,,N,,,,,,,,,,,,,,,,N,,,
100830000000,122013,B,Other,Other,,5.875,4,1.875,175000,,199618.23,360,72009,92009,52,476,,82053,80,90,2,32,666,699,N,P,PU,1,P,FL,23540,326,,FRM,N,N,,,0,,Y,,,,,,,,,,,,,,,,,,,,,0,,,,,,,,,,,N,,,,,,,N,,,,,,N,,,,,,,,,,,,,,,,N,,,
100830000000,12014,B,Other,Fannie Mae/Seterus,,,,0,,,,,,,,,,,,,,,,,,,,,,,,,,,,,,,,,,,,,,,,,,,,,,,,,,,,,,,,,,,,,,,,,,,,,,,,,,,,,,,,,,,,,,,,,,,,,,,,,
100830000000,22014,B,Other,Fannie Mae/Seterus,,,,0,,,,,,,,,,,,,,,,,,,,,,,,,,,,,,,,,,,,,,,,,,,,,,,,,,,,,,,,,,,,,,,,,,,,,,,,,,,,,,,,,,,,,,,,,,,,,,,,,
100830000000,32014,B,Other,Fannie Mae/Seterus,,,,0,,,,,,,,,,,,,,,,,,,,,,,,,,,,,,,,,,,,,,,,,,,,,,,,,,,,,,,,,,,,,,,,,,,,,,,,,,,,,,,,,,,,,,,,,,,,,,,,,
100830000000,42014,B,Other,Fannie Mae/Seterus,,,,0,,,,,,,,,,,,,,,,,,,,,,,,,,,,,,,,,,,,,,,,,,,,,,,,,,,,,,,,,,,,,,,,,,,,,,,,,,,,,,,,,,,,,,,,,,,,,,,,,
100830000000,52014,B,Other,Fannie Mae/Seterus,,,,0,,,,,,,,,,,,,,,,,,,,,,,,,,,,,,,,,,,,,,,,,,,,,,,,,,,,,,,,,,,,,,,,,,,,,,,,,,,,,,,,,,,,,,,,,,,,,,,,,
100830000000,62014,B,Other,Fannie Mae/Seterus,,,,0,,,,,,,,,,,,,,,,,,,,,,,,,,,,,,,,,,,,,,,,,,,,,,,,,,,,,,,,,,,,,,,,,,,,,,,,,,,,,,,,,,,,,,,,,,,,,,,,,
100830000000,72014,B,Other,Fannie Mae/Seterus,,,,0,,,,,,,,,,,,,,,,,,,,,,,,,,,,,,,,,,,,,,,,,,,,,,,,,,,,,,,,,,,,,,,,,,,,,,,,,,,,,,,,,,,,,,,,,,,,,,,,,
100830000000,82014,B,Other,Fannie Mae/Seterus,,,,0,,,,,,,,,,,,,,,,,,,,,,,,,,,,,,,,,,,,,,,,,,,,,,,,,,,,,,,,,,,,,,,,,,,,,,,,,,,,,,,,,,,,,,,,,,,,,,,,,
100830000000,92014,B,Other,Fannie Mae/Seterus,,,,0,,,,,,,,,,,,,,,,,,,,,,,,,,,,,,,,,,,,,,,,,,,,,,,,,,,,,,,,,,,,,,,,,,,,,,,,,,,,,,,,,,,,,,,,,,,,,,,,,
100830000000,102014,B,Other,Fannie Mae/Seterus,,,,0,,,,,,,,,,,,,,,,,,,,,,,,,,,,,,,,,,,,,,,,,,,,,,,,,,,,,,,,,,,,,,,,,,,,,,,,,,,,,,,,,,,,,,,,,,,,,,,,,
100830000000,112014,B,Other,Fannie Mae/Seterus,,,,0,,,,,,,,,,,,,,,,,,,,,,,,,,,,,,,,,,,,,,,,,,,,,,,,,,,,,,,,,,,,,,,,,,,,,,,,,,,,,,,,,,,,,,,,,,,,,,,,,
100830000000,122014,B,Other,Fannie Mae/Seterus,,,,0,,,,,,,,,,,,,,,,,,,,,,,,,,,,,,,,,,,,,,,,,,,,,,,,,,,,,,,,,,,,,,,,,,,,,,,,,,,,,,,,,,,,,,,,,,,,,,,,,
100830000000,12015,B,Other,Fannie Mae/Seterus,,,,0,,,,,,,,,,,,,,,,,,,,,,,,,,,,,,,,,,,,,,,,,,,,,,,,,,,,,,,,,,,,,,,,,,,,,,,,,,,,,,,,,,,,,,,,,,,,,,,,,
100830000000,22015,B,Other,Fannie Mae/Seterus,,,,0,,,,,,,,,,,,,,,,,,,,,,,,,,,,,,,,,,,,,,,,,,,,,,,,,,,,,,,,,,,,,,,,,,,,,,,,,,,,,,,,,,,,,,,,,,,,,,,,,
100830000000,32015,B,Other,Fannie Mae/Seterus,,,,0,,,,,,,,,,,,,,,,,,,,,,,,,,,,,,,,,,,,,,,,,,,,,,,,,,,,,,,,,,,,,,,,,,,,,,,,,,,,,,,,,,,,,,,,,,,,,,,,,
100830000000,42015,B,Other,Fannie Mae/Seterus,,,,0,,,,,,,,,,,,,,,,,,,,,,,,,,,,,,,,,,,,,,,,,,,,,,,,,,,,,,,,,,,,,,,,,,,,,,,,,,,,,,,,,,,,,,,,,,,,,,,,,
100830000000,52015,B,Other,Fannie Mae/Seterus,,,,0,,,,,,,,,,,,,,,,,,,,,,,,,,,,,,,,,,,,,,,,,,,,,,,,,,,,,,,,,,,,,,,,,,,,,,,,,,,,,,,,,,,,,,,,,,,,,,,,,
100830000000,62015,B,Other,Fannie Mae/Seterus,,,,0,,,,,,,,,,,,,,,,,,,,,,,,,,,,,,,,,,,,,,,,,,,,,,,,,,,,,,,,,,,,,,,,,,,,,,,,,,,,,,,,,,,,,,,,,,,,,,,,,
100830000000,72015,B,Other,Fannie Mae/Seterus,,,,0,,,,,,,,,,,,,,,,,,,,,,,,,,,,,,,,,,,,,,,,,,,,,,,,,,,,,,,,,,,,,,,,,,,,,,,,,,,,,,,,,,,,,,,,,,,,,,,,,
100830000000,82015,B,Other,Fannie Mae/Seterus,,,,0,,,,,,,,,,,,,,,,,,,,,,,,,,,,,,,,,,,,,,,,,,,,,,,,,,,,,,,,,,,,,,,,,,,,,,,,,,,,,,,,,,,,,,,,,,,,,,,,,
100830000000,92015,B,Other,Fannie Mae/Seterus,,,,0,,,,,,,,,,,,,,,,,,,,,,,,,,,,,,,,,,,,,,,,,,,,,,,,,,,,,,,,,,,,,,,,,,,,,,,,,,,,,,,,,,,,,,,,,,,,,,,,,
100830000000,102015,B,Other,Fannie Mae/Seterus,,,,0,,,,,,,,,,,,,,,,,,,,,,,,,,,,,,,,,,,,,,,,,,,,,,,,,,,,,,,,,,,,,,,,,,,,,,,,,,,,,,,,,,,,,,,,,,,,,,,,,
100830000000,112015,B,Other,Fannie Mae/Seterus,,,,0,,,,,,,,,,,,,,,,,,,,,,,,,,,,,,,,,,,,,,,,,,,,,,,,,,,,,,,,,,,,,,,,,,,,,,,,,,,,,,,,,,,,,,,,,,,,,,,,,
100830000000,122015,B,Other,Fannie Mae/Seterus,,,,0,,,,,,,,,,,,,,,,,,,,,,,,,,,,,,,,,,,,,,,,,,,,,,,,,,,,,,,,,,,,,,,,,,,,,,,,,,,,,,,,,,,,,,,,,,,,,,,,,
100830000000,12016,B,Other,Fannie Mae/Seterus,,,,0,,,,,,,,,,,,,,,,,,,,,,,,,,,,,,,,,,,,,,,,,,,,,,,,,,,,,,,,,,,,,,,,,,,,,,,,,,,,,,,,,,,,,,,,,,,,,,,,,
100830000000,22016,B,Other,Fannie Mae/Seterus,,,,0,,,,,,,,,,,,,,,,,,,,,,,,,,,,,,,,,,,,,,,,,,,,,,,,,,,,,,,,,,,,,,,,,,,,,,,,,,,,,,,,,,,,,,,,,,,,,,,,,
100830000000,32016,B,Other,Fannie Mae/Seterus,,,,0,,,,,,,,,,,,,,,,,,,,,,,,,,,,,,,,,,,,,,,,,,,,,,,,,,,,,,,,,,,,,,,,,,,,,,,,,,,,,,,,,,,,,,,,,,,,,,,,,
100830000000,42016,B,Other,Fannie Mae/Seterus,,,,0,,,,,,,,,,,,,,,,,,,,,,,,,,,,,,,,,,,,,,,,,,,,,,,,,,,,,,,,,,,,,,,,,,,,,,,,,,,,,,,,,,,,,,,,,,,,,,,,,
100830000000,52016,B,Other,Fannie Mae/Seterus,,,,0,,,,,,,,,,,,,,,,,,,,,,,,,,,,,,,,,,,,,,,,,,,,,,,,,,,,,,,,,,,,,,,,,,,,,,,,,,,,,,,,,,,,,,,,,,,,,,,,,
100830000000,62016,B,Other,Fannie Mae/Seterus,,,,0,,,,,,,,,,,,,,,,,,,,,,,,,,,,,,,,,,,,,,,,,,,,,,,,,,,,,,,,,,,,,,,,,,,,,,,,,,,,,,,,,,,,,,,,,,,,,,,,,
100830000000,72016,B,Other,Fannie Mae/Seterus,,,,0,,,,,,,,,,,,,,,,,,,,,,,,,,,,,,,,,,,,,,,,,,,,,,,,,,,,,,,,,,,,,,,,,,,,,,,,,,,,,,,,,,,,,,,,,,,,,,,,,
100830000000,82016,B,Other,Fannie Mae/Seterus,,,,0,,,,,,,,,,,,,,,,,,,,,,,,,,,,,,,,,,,,,,,,,,,,,,,,,,,,,,,,,,,,,,,,,,,,,,,,,,,,,,,,,,,,,,,,,,,,,,,,,
100830000000,92016,B,Other,Fannie Mae/Seterus,,,,0,,,,,,,,,,,,,,,,,,,,,,,,,,,,,,,,,,,,,,,,,,,,,,,,,,,,,,,,,,,,,,,,,,,,,,,,,,,,,,,,,,,,,,,,,,,,,,,,,
100830000000,102016,B,Other,Fannie Mae/Seterus,,,,0,,,,,,,,,,,,,,,,,,,,,,,,,,,,,,,,,,,,,,,,,,,,,,,,,,,,,,,,,,,,,,,,,,,,,,,,,,,,,,,,,,,,,,,,,,,,,,,,,
100830000000,112016,B,Other,Fannie Mae/Seterus,,,,0,,,,,,,,,,,,,,,,,,,,,,,,,,,,,,,,,,,,,,,,,,,,,,,,,,,,,,,,,,,,,,,,,,,,,,,,,,,,,,,,,,,,,,,,,,,,,,,,,
100830000000,122016,B,Other,Fannie Mae/Seterus,,,,0,,,,,,,,,,,,,,,,,,,,,,,,,,,,,,,,,,,,,,,,,,,,,,,,,,,,,,,,,,,,,,,,,,,,,,,,,,,,,,,,,,,,,,,,,,,,,,,,,
100830000000,12017,B,Other,Fannie Mae/Seterus,,,,0,,,,,,,,,,,,,,,,,,,,,,,,,,,,,,,,,,,,,,,,,,,,,,,,,,,,,,,,,,,,,,,,,,,,,,,,,,,,,,,,,,,,,,,,,,,,,,,,,
100830000000,22017,B,Other,Fannie Mae/Seterus,,,,0,,,,,,,,,,,,,,,,,,,,,,,,,,,,,,,,,,,,,,,,,,,,,,,,,,,,,,,,,,,,,,,,,,,,,,,,,,,,,,,,,,,,,,,,,,,,,,,,,
100830000000,32017,B,Other,Fannie Mae/Seterus,,,,0,,,,,,,,,,,,,,,,,,,,,,,,,,,,,,,,,,,,,,,,,,,,,,,,,,,,,,,,,,,,,,,,,,,,,,,,,,,,,,,,,,,,,,,,,,,,,,,,,
100830000000,42017,B,Other,Fannie Mae/Seterus,,,,0,,,,,,,,,,,,,,,,,,,,,,,,,,,,,,,,,,,,,,,,,,,,,,,,,,,,,,,,,,,,,,,,,,,,,,,,,,,,,,,,,,,,,,,,,,,,,,,,,
100830000000,52017,B,Other,Fannie Mae/Seterus,,,,0,,,,,,,,,,,,,,,,,,,,,,,,,,,,,,,,,,,,,,,,,,,,,,,,,,,,,,,,,,,,,,,,,,,,,,,,,,,,,,,,,,,,,,,,,,,,,,,,,
100830000000,62017,B,Other,Fannie Mae/Seterus,,,,0,,,,,,,,,,,,,,,,,,,,,,,,,,,,,,,,,,,,,,,,,,,,,,,,,,,,,,,,,,,,,,,,,,,,,,,,,,,,,,,,,,,,,,,,,,,,,,,,,
100830000000,72017,B,Other,Other,,5.875,4,1.875,175000,,191123.28,360,72009,92009,95,433,,82053,80,90,2,32,666,699,N,P,PU,1,P,FL,23540,326,,FRM,N,N,,,0,,Y,,,,,,,,,,,,,,,,,,,,,0,,,,,,,,,,,N,,,,,,,N,,,,,,N,,,,,,,,,,,,,,,,N,,,
100830000000,82017,B,Other,Other,,5.875,4,1.875,175000,,190910.9,360,72009,92009,96,432,,82053,80,90,2,32,666,699,N,P,PU,1,P,FL,23540,326,,FRM,N,N,,,0,,Y,,,,,,,,,,,,,,,,,,,,,0,,,,,,,,,,,N,,,,,,,N,,,,,,N,,,,,,,,,,,,,,,,N,,,
100830000000,92017,B,Other,Other,,5.875,4,1.875,175000,,190697.81,360,72009,92009,97,431,,82053,80,90,2,32,666,699,N,P,PU,1,P,FL,23540,326,,FRM,N,N,,,0,,Y,,,,,,,,,,,,,,,,,,,,,0,,,,,,,,,,,N,,,,,,,N,,,,,,N,,,,,,,,,,,,,,,,N,,,
100830000000,102017,B,Other,Other,,5.875,4,1.875,175000,,190484.01,360,72009,92009,98,430,,82053,80,90,2,32,666,699,N,P,PU,1,P,FL,23540,326,,FRM,N,N,,,0,,Y,,,,,,,,,,,,,,,,,,,,,0,,,,,,,,,,,N,,,,,,,N,,,,,,N,,,,,,,,,,,,,,,,N,,,
100830000000,112017,B,Other,Other,,5.875,4,1.875,175000,,190269.5,360,72009,92009,99,429,,82053,80,90,2,32,666,699,N,P,PU,1,P,FL,23540,326,,FRM,N,N,,,0,,Y,,,,,,,,,,,,,,,,,,,,,0,,,,,,,,,,,N,,,,,,,N,,,,,,N,,,,,,,,,,,,,,,,N,,,
100830000000,122017,B,Other,Other,,5.875,4,1.875,175000,,190054.27,360,72009,92009,100,428,,82053,80,90,2,32,666,699,N,P,PU,1,P,FL,23540,326,,FRM,N,N,,,0,,Y,,,,,,,,,,,,,,,,,,,,,0,,,,,,,,,,,N,,,,,,,N,,,,,,N,,,,,,,,,,,,,,,,N,,,
100830000000,12018,B,Other,Other,,5.875,4,1.875,175000,,189838.32,360,72009,92009,101,427,,82053,80,90,2,32,666,699,N,P,PU,1,P,FL,23540,326,,FRM,N,N,,,0,,Y,,,,,,,,,,,,,,,,,,,,,0,,,,,,,,,,,N,,,,,,,N,,,,,,N,,,,,,,,,,,,,,,,N,,,
100830000000,22018,B,Other,Other,,5.875,4,1.875,175000,,189621.65,360,72009,92009,102,426,,82053,80,90,2,32,666,699,N,P,PU,1,P,FL,23540,326,,FRM,N,N,,,0,,Y,,,,,,,,,,,,,,,,,,,,,0,,,,,,,,,,,N,,,,,,,N,,,,,,N,,,,,,,,,,,,,,,,N,,,
100830000000,32018,B,Other,Other,,5.875,4,1.875,175000,,189404.26,360,72009,92009,103,425,,82053,80,90,2,32,666,699,N,P,PU,1,P,FL,23540,326,,FRM,N,N,,,0,,Y,,,,,,,,,,,,,,,,,,,,,0,,,,,,,,,,,N,,,,,,,N,,,,,,N,,,,,,,,,,,,,,,,N,,,
100830000000,42018,B,Other,Other,,5.875,4,1.875,175000,,189186.15,360,72009,92009,104,424,,82053,80,90,2,32,666,699,N,P,PU,1,P,FL,23540,326,,FRM,N,N,,,0,,Y,,,,,,,,,,,,,,,,,,,,,0,,,,,,,,,,,N,,,,,,,N,,,,,,N,,,,,,,,,,,,,,,,N,,,
100830000000,52018,B,Other,Other,,5.875,4,1.875,175000,,188967.31,360,72009,92009,105,423,,82053,80,90,2,32,666,699,N,P,PU,1,P,FL,23540,326,,FRM,N,N,,,0,,Y,,,,,,,,,,,,,,,,,,,,,0,,,,,,,,,,,N,,,,,,,N,,,,,,N,,,,,,,,,,,,,,,,N,,,
100830000000,62018,B,Other,Other,,5.875,4,1.875,175000,,188747.74,360,72009,92009,106,422,,82053,80,90,2,32,666,699,N,P,PU,1,P,FL,23540,326,,FRM,N,N,,,0,,Y,,,,,,,,,,,,,,,,,,,,,0,,,,,,,,,,,N,,,,,,,N,,,,,,N,,,,,,,,,,,,,,,,N,,,
100830000000,72018,B,Other,Other,,5.875,4,1.875,175000,,188527.44,360,72009,92009,107,421,,82053,80,90,2,32,666,699,N,P,PU,1,P,FL,23540,326,,FRM,N,N,,,0,,Y,,,,,,,,,,,,,,,,,,,,,0,,,,,,,,,,,N,,,,,,,N,,,,,,N,,,,,,,,,,,,,,,,N,,,
100830000000,82018,B,Other,Other,,5.875,4,1.875,175000,,188306.4,360,72009,92009,108,420,,82053,80,90,2,32,666,699,N,P,PU,1,P,FL,23540,326,,FRM,N,N,,,0,,Y,,,,,,,,,,,,,,,,,,,,,0,,,,,,,,,,,N,,,,,,,N,,,,,,N,,,,,,,,,,,,,,,,N,,,
100830000000,92018,B,Other,Other,,5.875,4,1.875,175000,,188084.63,360,72009,92009,109,419,,82053,80,90,2,32,666,699,N,P,PU,1,P,FL,23540,326,,FRM,N,N,,,0,,Y,,,,,,,,,,,,,,,,,,,,,0,,,,,,,,,,,N,,,,,,,N,,,,,,N,,,,,,,,,,,,,,,,N,,,
100830000000,102018,B,Other,,,5.875,,5.875,175000,,0,360,72009,92009,,,,,80,90,2,32,666,699,N,P,PU,1,P,FL,23540,326,,FRM,N,N,,,XX,,,,1,102018,188084.63,,,,,92018,,,,,,,,,,,,0,,,,,,,,,,,,,,,,,,N,,,,,,N,,,,,,,,,,,,,,,,N,,N,
101813000000,82009,R,Wells Fargo Bank,,,,,0,,,,,,,,,,,,,,,,,,,,,,,,,,,,,,,,,,,,,,,,,,,,,,,,,,,,,,,,,,,,,,,,,,,,,,,,,,,,,,,,,,,,,,,,,,,,,,,,,
101813000000,92009,R,Wells Fargo Bank,,,,,0,,,,,,,,,,,,,,,,,,,,,,,,,,,,,,,,,,,,,,,,,,,,,,,,,,,,,,,,,,,,,,,,,,,,,,,,,,,,,,,,,,,,,,,,,,,,,,,,,
101813000000,102009,R,Wells Fargo Bank,,,,,0,,,,,,,,,,,,,,,,,,,,,,,,,,,,,,,,,,,,,,,,,,,,,,,,,,,,,,,,,,,,,,,,,,,,,,,,,,,,,,,,,,,,,,,,,,,,,,,,,
101813000000,112009,R,Wells Fargo Bank,,,,,0,,,,,,,,,,,,,,,,,,,,,,,,,,,,,,,,,,,,,,,,,,,,,,,,,,,,,,,,,,,,,,,,,,,,,,,,,,,,,,,,,,,,,,,,,,,,,,,,,
101813000000,122009,R,Wells Fargo Bank,,,,,0,,,,,,,,,,,,,,,,,,,,,,,,,,,,,,,,,,,,,,,,,,,,,,,,,,,,,,,,,,,,,,,,,,,,,,,,,,,,,,,,,,,,,,,,,,,,,,,,,
101813000000,12010,R,Wells Fargo Bank,,,,,0,,,,,,,,,,,,,,,,,,,,,,,,,,,,,,,,,,,,,,,,,,,,,,,,,,,,,,,,,,,,,,,,,,,,,,,,,,,,,,,,,,,,,,,,,,,,,,,,,
101813000000,22010,R,Wells Fargo Bank,,,,,0,,,,,,,,,,,,,,,,,,,,,,,,,,,,,,,,,,,,,,,,,,,,,,,,,,,,,,,,,,,,,,,,,,,,,,,,,,,,,,,,,,,,,,,,,,,,,,,,,
101813000000,32010,R,Wells Fargo Bank,,,,,0,,,,,,,,,,,,,,,,,,,,,,,,,,,,,,,,,,,,,,,,,,,,,,,,,,,,,,,,,,,,,,,,,,,,,,,,,,,,,,,,,,,,,,,,,,,,,,,,,
101813000000,42010,R,Wells Fargo Bank,,,,,0,,,,,,,,,,,,,,,,,,,,,,,,,,,,,,,,,,,,,,,,,,,,,,,,,,,,,,,,,,,,,,,,,,,,,,,,,,,,,,,,,,,,,,,,,,,,,,,,,
101813000000,52010,R,Wells Fargo Bank,,,,,0,,,,,,,,,,,,,,,,,,,,,,,,,,,,,,,,,,,,,,,,,,,,,,,,,,,,,,,,,,,,,,,,,,,,,,,,,,,,,,,,,,,,,,,,,,,,,,,,,
101813000000,62010,R,Wells Fargo Bank,,,,,0,,,,,,,,,,,,,,,,,,,,,,,,,,,,,,,,,,,,,,,,,,,,,,,,,,,,,,,,,,,,,,,,,,,,,,,,,,,,,,,,,,,,,,,,,,,,,,,,,
101813000000,72010,R,Wells Fargo Bank,,,,,0,,,,,,,,,,,,,,,,,,,,,,,,,,,,,,,,,,,,,,,,,,,,,,,,,,,,,,,,,,,,,,,,,,,,,,,,,,,,,,,,,,,,,,,,,,,,,,,,,
101813000000,82010,R,Wells Fargo Bank,,,,,0,,,,,,,,,,,,,,,,,,,,,,,,,,,,,,,,,,,,,,,,,,,,,,,,,,,,,,,,,,,,,,,,,,,,,,,,,,,,,,,,,,,,,,,,,,,,,,,,,
101813000000,92010,R,Wells Fargo Bank,,,,,0,,,,,,,,,,,,,,,,,,,,,,,,,,,,,,,,,,,,,,,,,,,,,,,,,,,,,,,,,,,,,,,,,,,,,,,,,,,,,,,,,,,,,,,,,,,,,,,,,
101813000000,102010,R,Wells Fargo Bank,,,,,0,,,,,,,,,,,,,,,,,,,,,,,,,,,,,,,,,,,,,,,,,,,,,,,,,,,,,,,,,,,,,,,,,,,,,,,,,,,,,,,,,,,,,,,,,,,,,,,,,
101813000000,112010,R,Wells Fargo Bank,,,,,0,,,,,,,,,,,,,,,,,,,,,,,,,,,,,,,,,,,,,,,,,,,,,,,,,,,,,,,,,,,,,,,,,,,,,,,,,,,,,,,,,,,,,,,,,,,,,,,,,
101813000000,122010,R,Wells Fargo Bank,,,,,0,,,,,,,,,,,,,,,,,,,,,,,,,,,,,,,,,,,,,,,,,,,,,,,,,,,,,,,,,,,,,,,,,,,,,,,,,,,,,,,,,,,,,,,,,,,,,,,,,
101813000000,12011,R,Wells Fargo Bank,,,,,0,,,,,,,,,,,,,,,,,,,,,,,,,,,,,,,,,,,,,,,,,,,,,,,,,,,,,,,,,,,,,,,,,,,,,,,,,,,,,,,,,,,,,,,,,,,,,,,,,
101813000000,22011,R,Wells Fargo Bank,,,,,0,,,,,,,,,,,,,,,,,,,,,,,,,,,,,,,,,,,,,,,,,,,,,,,,,,,,,,,,,,,,,,,,,,,,,,,,,,,,,,,,,,,,,,,,,,,,,,,,,
101813000000,32011,R,Wells Fargo Bank,,,,,0,,,,,,,,,,,,,,,,,,,,,,,,,,,,,,,,,,,,,,,,,,,,,,,,,,,,,,,,,,,,,,,,,,,,,,,,,,,,,,,,,,,,,,,,,,,,,,,,,
101813000000,42011,R,Wells Fargo Bank,,,,,0,,,,,,,,,,,,,,,,,,,,,,,,,,,,,,,,,,,,,,,,,,,,,,,,,,,,,,,,,,,,,,,,,,,,,,,,,,,,,,,,,,,,,,,,,,,,,,,,,
101813000000,52011,R,Wells Fargo Bank,,,,,0,,,,,,,,,,,,,,,,,,,,,,,,,,,,,,,,,,,,,,,,,,,,,,,,,,,,,,,,,,,,,,,,,,,,,,,,,,,,,,,,,,,,,,,,,,,,,,,,,
101813000000,62011,R,Wells Fargo Bank,,,,,0,,,,,,,,,,,,,,,,,,,,,,,,,,,,,,,,,,,,,,,,,,,,,,,,,,,,,,,,,,,,,,,,,,,,,,,,,,,,,,,,,,,,,,,,,,,,,,,,,
101813000000,72011,R,Wells Fargo Bank,,,,,0,,,,,,,,,,,,,,,,,,,,,,,,,,,,,,,,,,,,,,,,,,,,,,,,,,,,,,,,,,,,,,,,,,,,,,,,,,,,,,,,,,,,,,,,,,,,,,,,,
101813000000,82011,R,Wells Fargo Bank,,,,,0,,,,,,,,,,,,,,,,,,,,,,,,,,,,,,,,,,,,,,,,,,,,,,,,,,,,,,,,,,,,,,,,,,,,,,,,,,,,,,,,,,,,,,,,,,,,,,,,,
101813000000,92011,R,Wells Fargo Bank,,,,,0,,,,,,,,,,,,,,,,,,,,,,,,,,,,,,,,,,,,,,,,,,,,,,,,,,,,,,,,,,,,,,,,,,,,,,,,,,,,,,,,,,,,,,,,,,,,,,,,,
101813000000,102011,R,Wells Fargo Bank,,,,,0,,,,,,,,,,,,,,,,,,,,,,,,,,,,,,,,,,,,,,,,,,,,,,,,,,,,,,,,,,,,,,,,,,,,,,,,,,,,,,,,,,,,,,,,,,,,,,,,,
101813000000,112011,R,Wells Fargo Bank,,,,,0,,,,,,,,,,,,,,,,,,,,,,,,,,,,,,,,,,,,,,,,,,,,,,,,,,,,,,,,,,,,,,,,,,,,,,,,,,,,,,,,,,,,,,,,,,,,,,,,,
101813000000,122011,R,Wells Fargo Bank,,,,,0,,,,,,,,,,,,,,,,,,,,,,,,,,,,,,,,,,,,,,,,,,,,,,,,,,,,,,,,,,,,,,,,,,,,,,,,,,,,,,,,,,,,,,,,,,,,,,,,,
101813000000,12012,R,Wells Fargo Bank,,,,,0,,,,,,,,,,,,,,,,,,,,,,,,,,,,,,,,,,,,,,,,,,,,,,,,,,,,,,,,,,,,,,,,,,,,,,,,,,,,,,,,,,,,,,,,,,,,,,,,,
101813000000,22012,R,Wells Fargo Bank,,,,,0,,,,,,,,,,,,,,,,,,,,,,,,,,,,,,,,,,,,,,,,,,,,,,,,,,,,,,,,,,,,,,,,,,,,,,,,,,,,,,,,,,,,,,,,,,,,,,,,,
101813000000,32012,R,Wells Fargo Bank,,,,,0,,,,,,,,,,,,,,,,,,,,,,,,,,,,,,,,,,,,,,,,,,,,,,,,,,,,,,,,,,,,,,,,,,,,,,,,,,,,,,,,,,,,,,,,,,,,,,,,,
101813000000,42012,R,Wells Fargo Bank,,,,,0,,,,,,,,,,,,,,,,,,,,,,,,,,,,,,,,,,,,,,,,,,,,,,,,,,,,,,,,,,,,,,,,,,,,,,,,,,,,,,,,,,,,,,,,,,,,,,,,,
101813000000,52012,R,Wells Fargo Bank,,,,,0,,,,,,,,,,,,,,,,,,,,,,,,,,,,,,,,,,,,,,,,,,,,,,,,,,,,,,,,,,,,,,,,,,,,,,,,,,,,,,,,,,,,,,,,,,,,,,,,,
101813000000,62012,R,Wells Fargo Bank,,,,,0,,,,,,,,,,,,,,,,,,,,,,,,,,,,,,,,,,,,,,,,,,,,,,,,,,,,,,,,,,,,,,,,,,,,,,,,,,,,,,,,,,,,,,,,,,,,,,,,,
101813000000,72012,R,Wells Fargo Bank,,,,,0,,,,,,,,,,,,,,,,,,,,,,,,,,,,,,,,,,,,,,,,,,,,,,,,,,,,,,,,,,,,,,,,,,,,,,,,,,,,,,,,,,,,,,,,,,,,,,,,,
101813000000,82012,R,Wells Fargo Bank,,,,,0,,,,,,,,,,,,,,,,,,,,,,,,,,,,,,,,,,,,,,,,,,,,,,,,,,,,,,,,,,,,,,,,,,,,,,,,,,,,,,,,,,,,,,,,,,,,,,,,,
101813000000,92012,R,Wells Fargo Bank,,,,,0,,,,,,,,,,,,,,,,,,,,,,,,,,,,,,,,,,,,,,,,,,,,,,,,,,,,,,,,,,,,,,,,,,,,,,,,,,,,,,,,,,,,,,,,,,,,,,,,,
102218000000,82009,R,Wells Fargo Bank,,,,,0,,,,,,,,,,,,,,,,,,,,,,,,,,,,,,,,,,,,,,,,,,,,,,,,,,,,,,,,,,,,,,,,,,,,,,,,,,,,,,,,,,,,,,,,,,,,,,,,,
102218000000,92009,R,Wells Fargo Bank,,,,,0,,,,,,,,,,,,,,,,,,,,,,,,,,,,,,,,,,,,,,,,,,,,,,,,,,,,,,,,,,,,,,,,,,,,,,,,,,,,,,,,,,,,,,,,,,,,,,,,,
102218000000,102009,R,Wells Fargo Bank,,,,,0,,,,,,,,,,,,,,,,,,,,,,,,,,,,,,,,,,,,,,,,,,,,,,,,,,,,,,,,,,,,,,,,,,,,,,,,,,,,,,,,,,,,,,,,,,,,,,,,,
102218000000,112009,R,Wells Fargo Bank,,,,,0,,,,,,,,,,,,,,,,,,,,,,,,,,,,,,,,,,,,,,,,,,,,,,,,,,,,,,,,,,,,,,,,,,,,,,,,,,,,,,,,,,,,,,,,,,,,,,,,,
102218000000,122009,R,Wells Fargo Bank,,,,,0,,,,,,,,,,,,,,,,,,,,,,,,,,,,,,,,,,,,,,,,,,,,,,,,,,,,,,,,,,,,,,,,,,,,,,,,,,,,,,,,,,,,,,,,,,,,,,,,,
102218000000,12010,R,Wells Fargo Bank,,,,,0,,,,,,,,,,,,,,,,,,,,,,,,,,,,,,,,,,,,,,,,,,,,,,,,,,,,,,,,,,,,,,,,,,,,,,,,,,,,,,,,,,,,,,,,,,,,,,,,,
102218000000,22010,R,Wells Fargo Bank,,,,,0,,,,,,,,,,,,,,,,,,,,,,,,,,,,,,,,,,,,,,,,,,,,,,,,,,,,,,,,,,,,,,,,,,,,,,,,,,,,,,,,,,,,,,,,,,,,,,,,,
102218000000,32010,R,Wells Fargo Bank,,,,,0,,,,,,,,,,,,,,,,,,,,,,,,,,,,,,,,,,,,,,,,,,,,,,,,,,,,,,,,,,,,,,,,,,,,,,,,,,,,,,,,,,,,,,,,,,,,,,,,,
102218000000,42010,R,Wells Fargo Bank,,,,,0,,,,,,,,,,,,,,,,,,,,,,,,,,,,,,,,,,,,,,,,,,,,,,,,,,,,,,,,,,,,,,,,,,,,,,,,,,,,,,,,,,,,,,,,,,,,,,,,,
102218000000,52010,R,Wells Fargo Bank,,,,,0,,,,,,,,,,,,,,,,,,,,,,,,,,,,,,,,,,,,,,,,,,,,,,,,,,,,,,,,,,,,,,,,,,,,,,,,,,,,,,,,,,,,,,,,,,,,,,,,,
102218000000,62010,R,Wells Fargo Bank,,,,,0,,,,,,,,,,,,,,,,,,,,,,,,,,,,,,,,,,,,,,,,,,,,,,,,,,,,,,,,,,,,,,,,,,,,,,,,,,,,,,,,,,,,,,,,,,,,,,,,,
102218000000,72010,R,Wells Fargo Bank,,,,,0,,,,,,,,,,,,,,,,,,,,,,,,,,,,,,,,,,,,,,,,,,,,,,,,,,,,,,,,,,,,,,,,,,,,,,,,,,,,,,,,,,,,,,,,,,,,,,,,,
102218000000,82010,R,Wells Fargo Bank,,,,,0,,,,,,,,,,,,,,,,,,,,,,,,,,,,,,,,,,,,,,,,,,,,,,,,,,,,,,,,,,,,,,,,,,,,,,,,,,,,,,,,,,,,,,,,,,,,,,,,,
102218000000,92010,R,Wells Fargo Bank,,,,,0,,,,,,,,,,,,,,,,,,,,,,,,,,,,,,,,,,,,,,,,,,,,,,,,,,,,,,,,,,,,,,,,,,,,,,,,,,,,,,,,,,,,,,,,,,,,,,,,,
102218000000,102010,R,Wells Fargo Bank,,,,,0,,,,,,,,,,,,,,,,,,,,,,,,,,,,,,,,,,,,,,,,,,,,,,,,,,,,,,,,,,,,,,,,,,,,,,,,,,,,,,,,,,,,,,,,,,,,,,,,,
102218000000,112010,R,Wells Fargo Bank,,,,,0,,,,,,,,,,,,,,,,,,,,,,,,,,,,,,,,,,,,,,,,,,,,,,,,,,,,,,,,,,,,,,,,,,,,,,,,,,,,,,,,,,,,,,,,,,,,,,,,,
102218000000,122010,R,Wells Fargo Bank,,,,,0,,,,,,,,,,,,,,,,,,,,,,,,,,,,,,,,,,,,,,,,,,,,,,,,,,,,,,,,,,,,,,,,,,,,,,,,,,,,,,,,,,,,,,,,,,,,,,,,,
102218000000,12011,R,Wells Fargo Bank,,,,,0,,,,,,,,,,,,,,,,,,,,,,,,,,,,,,,,,,,,,,,,,,,,,,,,,,,,,,,,,,,,,,,,,,,,,,,,,,,,,,,,,,,,,,,,,,,,,,,,,
102218000000,22011,R,Wells Fargo Bank,,,,,0,,,,,,,,,,,,,,,,,,,,,,,,,,,,,,,,,,,,,,,,,,,,,,,,,,,,,,,,,,,,,,,,,,,,,,,,,,,,,,,,,,,,,,,,,,,,,,,,,
102218000000,32011,R,Wells Fargo Bank,,,,,0,,,,,,,,,,,,,,,,,,,,,,,,,,,,,,,,,,,,,,,,,,,,,,,,,,,,,,,,,,,,,,,,,,,,,,,,,,,,,,,,,,,,,,,,,,,,,,,,,
102218000000,42011,R,Wells Fargo Bank,,,,,0,,,,,,,,,,,,,,,,,,,,,,,,,,,,,,,,,,,,,,,,,,,,,,,,,,,,,,,,,,,,,,,,,,,,,,,,,,,,,,,,,,,,,,,,,,,,,,,,,
102218000000,52011,R,Wells Fargo Bank,,,,,0,,,,,,,,,,,,,,,,,,,,,,,,,,,,,,,,,,,,,,,,,,,,,,,,,,,,,,,,,,,,,,,,,,,,,,,,,,,,,,,,,,,,,,,,,,,,,,,,,
102218000000,62011,R,Wells Fargo Bank,,,,,0,,,,,,,,,,,,,,,,,,,,,,,,,,,,,,,,,,,,,,,,,,,,,,,,,,,,,,,,,,,,,,,,,,,,,,,,,,,,,,,,,,,,,,,,,,,,,,,,,
102218000000,72011,R,Wells Fargo Bank,,,,,0,,,,,,,,,,,,,,,,,,,,,,,,,,,,,,,,,,,,,,,,,,,,,,,,,,,,,,,,,,,,,,,,,,,,,,,,,,,,,,,,,,,,,,,,,,,,,,,,,
102218000000,82011,R,Wells Fargo Bank,,,,,0,,,,,,,,,,,,,,,,,,,,,,,,,,,,,,,,,,,,,,,,,,,,,,,,,,,,,,,,,,,,,,,,,,,,,,,,,,,,,,,,,,,,,,,,,,,,,,,,,
102218000000,92011,R,Wells Fargo Bank,,,,,0,,,,,,,,,,,,,,,,,,,,,,,,,,,,,,,,,,,,,,,,,,,,,,,,,,,,,,,,,,,,,,,,,,,,,,,,,,,,,,,,,,,,,,,,,,,,,,,,,
102218000000,102011,R,Wells Fargo Bank,,,,,0,,,,,,,,,,,,,,,,,,,,,,,,,,,,,,,,,,,,,,,,,,,,,,,,,,,,,,,,,,,,,,,,,,,,,,,,,,,,,,,,,,,,,,,,,,,,,,,,,
102218000000,112011,R,Wells Fargo Bank,,,,,0,,,,,,,,,,,,,,,,,,,,,,,,,,,,,,,,,,,,,,,,,,,,,,,,,,,,,,,,,,,,,,,,,,,,,,,,,,,,,,,,,,,,,,,,,,,,,,,,,
102218000000,122011,R,Wells Fargo Bank,,,,,0,,,,,,,,,,,,,,,,,,,,,,,,,,,,,,,,,,,,,,,,,,,,,,,,,,,,,,,,,,,,,,,,,,,,,,,,,,,,,,,,,,,,,,,,,,,,,,,,,
102218000000,12012,R,Wells Fargo Bank,,,,,0,,,,,,,,,,,,,,,,,,,,,,,,,,,,,,,,,,,,,,,,,,,,,,,,,,,,,,,,,,,,,,,,,,,,,,,,,,,,,,,,,,,,,,,,,,,,,,,,,
102218000000,22012,R,Wells Fargo Bank,,,,,0,,,,,,,,,,,,,,,,,,,,,,,,,,,,,,,,,,,,,,,,,,,,,,,,,,,,,,,,,,,,,,,,,,,,,,,,,,,,,,,,,,,,,,,,,,,,,,,,,
102218000000,32012,R,Wells Fargo Bank,,,,,0,,,,,,,,,,,,,,,,,,,,,,,,,,,,,,,,,,,,,,,,,,,,,,,,,,,,,,,,,,,,,,,,,,,,,,,,,,,,,,,,,,,,,,,,,,,,,,,,,
102218000000,42012,R,Wells Fargo Bank,,,,,0,,,,,,,,,,,,,,,,,,,,,,,,,,,,,,,,,,,,,,,,,,,,,,,,,,,,,,,,,,,,,,,,,,,,,,,,,,,,,,,,,,,,,,,,,,,,,,,,,
102218000000,52012,R,Wells Fargo Bank,,,,,0,,,,,,,,,,,,,,,,,,,,,,,,,,,,,,,,,,,,,,,,,,,,,,,,,,,,,,,,,,,,,,,,,,,,,,,,,,,,,,,,,,,,,,,,,,,,,,,,,
102218000000,62012,R,Wells Fargo Bank,,,,,0,,,,,,,,,,,,,,,,,,,,,,,,,,,,,,,,,,,,,,,,,,,,,,,,,,,,,,,,,,,,,,,,,,,,,,,,,,,,,,,,,,,,,,,,,,,,,,,,,
102218000000,72012,R,Wells Fargo Bank,,,,,0,,,,,,,,,,,,,,,,,,,,,,,,,,,,,,,,,,,,,,,,,,,,,,,,,,,,,,,,,,,,,,,,,,,,,,,,,,,,,,,,,,,,,,,,,,,,,,,,,
102218000000,82012,R,Wells Fargo Bank,,,,,0,,,,,,,,,,,,,,,,,,,,,,,,,,,,,,,,,,,,,,,,,,,,,,,,,,,,,,,,,,,,,,,,,,,,,,,,,,,,,,,,,,,,,,,,,,,,,,,,,
102218000000,92012,R,Wells Fargo Bank,,,,,0,,,,,,,,,,,,,,,,,,,,,,,,,,,,,,,,,,,,,,,,,,,,,,,,,,,,,,,,,,,,,,,,,,,,,,,,,,,,,,,,,,,,,,,,,,,,,,,,,
102218000000,102012,R,Wells Fargo Bank,,,,,0,,,,,,,,,,,,,,,,,,,,,,,,,,,,,,,,,,,,,,,,,,,,,,,,,,,,,,,,,,,,,,,,,,,,,,,,,,,,,,,,,,,,,,,,,,,,,,,,,
102218000000,112012,R,Wells Fargo Bank,,,,,0,,,,,,,,,,,,,,,,,,,,,,,,,,,,,,,,,,,,,,,,,,,,,,,,,,,,,,,,,,,,,,,,,,,,,,,,,,,,,,,,,,,,,,,,,,,,,,,,,
102218000000,122012,R,Wells Fargo Bank,,,,,0,,,,,,,,,,,,,,,,,,,,,,,,,,,,,,,,,,,,,,,,,,,,,,,,,,,,,,,,,,,,,,,,,,,,,,,,,,,,,,,,,,,,,,,,,,,,,,,,,
102218000000,12013,R,Wells Fargo Bank,,,,,0,,,,,,,,,,,,,,,,,,,,,,,,,,,,,,,,,,,,,,,,,,,,,,,,,,,,,,,,,,,,,,,,,,,,,,,,,,,,,,,,,,,,,,,,,,,,,,,,,
102218000000,22013,R,Wells Fargo Bank,,,,,0,,,,,,,,,,,,,,,,,,,,,,,,,,,,,,,,,,,,,,,,,,,,,,,,,,,,,,,,,,,,,,,,,,,,,,,,,,,,,,,,,,,,,,,,,,,,,,,,,
102218000000,32013,R,Wells Fargo Bank,,,,,0,,,,,,,,,,,,,,,,,,,,,,,,,,,,,,,,,,,,,,,,,,,,,,,,,,,,,,,,,,,,,,,,,,,,,,,,,,,,,,,,,,,,,,,,,,,,,,,,,
102218000000,42013,R,Wells Fargo Bank,,,,,0,,,,,,,,,,,,,,,,,,,,,,,,,,,,,,,,,,,,,,,,,,,,,,,,,,,,,,,,,,,,,,,,,,,,,,,,,,,,,,,,,,,,,,,,,,,,,,,,,
102218000000,52013,R,Wells Fargo Bank,,,,,0,,,,,,,,,,,,,,,,,,,,,,,,,,,,,,,,,,,,,,,,,,,,,,,,,,,,,,,,,,,,,,,,,,,,,,,,,,,,,,,,,,,,,,,,,,,,,,,,,
102218000000,62013,R,Wells Fargo Bank,,,,,0,,,,,,,,,,,,,,,,,,,,,,,,,,,,,,,,,,,,,,,,,,,,,,,,,,,,,,,,,,,,,,,,,,,,,,,,,,,,,,,,,,,,,,,,,,,,,,,,,
102218000000,72013,R,Wells Fargo Bank,,,,,0,,,,,,,,,,,,,,,,,,,,,,,,,,,,,,,,,,,,,,,,,,,,,,,,,,,,,,,,,,,,,,,,,,,,,,,,,,,,,,,,,,,,,,,,,,,,,,,,,
102218000000,82013,R,Wells Fargo Bank,,,,,0,,,,,,,,,,,,,,,,,,,,,,,,,,,,,,,,,,,,,,,,,,,,,,,,,,,,,,,,,,,,,,,,,,,,,,,,,,,,,,,,,,,,,,,,,,,,,,,,,
102218000000,92013,R,Wells Fargo Bank,,,,,0,,,,,,,,,,,,,,,,,,,,,,,,,,,,,,,,,,,,,,,,,,,,,,,,,,,,,,,,,,,,,,,,,,,,,,,,,,,,,,,,,,,,,,,,,,,,,,,,,
102218000000,102013,R,Wells Fargo Bank,,,,,0,,,,,,,,,,,,,,,,,,,,,,,,,,,,,,,,,,,,,,,,,,,,,,,,,,,,,,,,,,,,,,,,,,,,,,,,,,,,,,,,,,,,,,,,,,,,,,,,,
102218000000,112013,R,Wells Fargo Bank,,,,,0,,,,,,,,,,,,,,,,,,,,,,,,,,,,,,,,,,,,,,,,,,,,,,,,,,,,,,,,,,,,,,,,,,,,,,,,,,,,,,,,,,,,,,,,,,,,,,,,,
102218000000,122013,R,Wells Fargo Bank,,,,,0,,,,,,,,,,,,,,,,,,,,,,,,,,,,,,,,,,,,,,,,,,,,,,,,,,,,,,,,,,,,,,,,,,,,,,,,,,,,,,,,,,,,,,,,,,,,,,,,,
102218000000,12014,R,Wells Fargo Bank,,,,,0,,,,,,,,,,,,,,,,,,,,,,,,,,,,,,,,,,,,,,,,,,,,,,,,,,,,,,,,,,,,,,,,,,,,,,,,,,,,,,,,,,,,,,,,,,,,,,,,,
102218000000,22014,R,Wells Fargo Bank,,,,,0,,,,,,,,,,,,,,,,,,,,,,,,,,,,,,,,,,,,,,,,,,,,,,,,,,,,,,,,,,,,,,,,,,,,,,,,,,,,,,,,,,,,,,,,,,,,,,,,,
102218000000,32014,R,Wells Fargo Bank,,,,,0,,,,,,,,,,,,,,,,,,,,,,,,,,,,,,,,,,,,,,,,,,,,,,,,,,,,,,,,,,,,,,,,,,,,,,,,,,,,,,,,,,,,,,,,,,,,,,,,,
102218000000,42014,R,Wells Fargo Bank,,,,,0,,,,,,,,,,,,,,,,,,,,,,,,,,,,,,,,,,,,,,,,,,,,,,,,,,,,,,,,,,,,,,,,,,,,,,,,,,,,,,,,,,,,,,,,,,,,,,,,,
102218000000,52014,R,Wells Fargo Bank,,,,,0,,,,,,,,,,,,,,,,,,,,,,,,,,,,,,,,,,,,,,,,,,,,,,,,,,,,,,,,,,,,,,,,,,,,,,,,,,,,,,,,,,,,,,,,,,,,,,,,,
102218000000,62014,R,Wells Fargo Bank,,,,,0,,,,,,,,,,,,,,,,,,,,,,,,,,,,,,,,,,,,,,,,,,,,,,,,,,,,,,,,,,,,,,,,,,,,,,,,,,,,,,,,,,,,,,,,,,,,,,,,,
102218000000,72014,R,Wells Fargo Bank,,,,,0,,,,,,,,,,,,,,,,,,,,,,,,,,,,,,,,,,,,,,,,,,,,,,,,,,,,,,,,,,,,,,,,,,,,,,,,,,,,,,,,,,,,,,,,,,,,,,,,,
102218000000,82014,R,Wells Fargo Bank,,,,,0,,,,,,,,,,,,,,,,,,,,,,,,,,,,,,,,,,,,,,,,,,,,,,,,,,,,,,,,,,,,,,,,,,,,,,,,,,,,,,,,,,,,,,,,,,,,,,,,,
102218000000,92014,R,Wells Fargo Bank,,,,,0,,,,,,,,,,,,,,,,,,,,,,,,,,,,,,,,,,,,,,,,,,,,,,,,,,,,,,,,,,,,,,,,,,,,,,,,,,,,,,,,,,,,,,,,,,,,,,,,,
102218000000,102014,R,Wells Fargo Bank,,,,,0,,,,,,,,,,,,,,,,,,,,,,,,,,,,,,,,,,,,,,,,,,,,,,,,,,,,,,,,,,,,,,,,,,,,,,,,,,,,,,,,,,,,,,,,,,,,,,,,,
102218000000,112014,R,Wells Fargo Bank,,,,,0,,,,,,,,,,,,,,,,,,,,,,,,,,,,,,,,,,,,,,,,,,,,,,,,,,,,,,,,,,,,,,,,,,,,,,,,,,,,,,,,,,,,,,,,,,,,,,,,,
102218000000,122014,R,Wells Fargo Bank,,,,,0,,,,,,,,,,,,,,,,,,,,,,,,,,,,,,,,,,,,,,,,,,,,,,,,,,,,,,,,,,,,,,,,,,,,,,,,,,,,,,,,,,,,,,,,,,,,,,,,,
102218000000,12015,R,Wells Fargo Bank,,,,,0,,,,,,,,,,,,,,,,,,,,,,,,,,,,,,,,,,,,,,,,,,,,,,,,,,,,,,,,,,,,,,,,,,,,,,,,,,,,,,,,,,,,,,,,,,,,,,,,,
102218000000,22015,R,Wells Fargo Bank,,,,,0,,,,,,,,,,,,,,,,,,,,,,,,,,,,,,,,,,,,,,,,,,,,,,,,,,,,,,,,,,,,,,,,,,,,,,,,,,,,,,,,,,,,,,,,,,,,,,,,,
102218000000,32015,R,Wells Fargo Bank,,,,,0,,,,,,,,,,,,,,,,,,,,,,,,,,,,,,,,,,,,,,,,,,,,,,,,,,,,,,,,,,,,,,,,,,,,,,,,,,,,,,,,,,,,,,,,,,,,,,,,,
102218000000,42015,R,Wells Fargo Bank,,,,,0,,,,,,,,,,,,,,,,,,,,,,,,,,,,,,,,,,,,,,,,,,,,,,,,,,,,,,,,,,,,,,,,,,,,,,,,,,,,,,,,,,,,,,,,,,,,,,,,,
102218000000,52015,R,Wells Fargo Bank,,,,,0,,,,,,,,,,,,,,,,,,,,,,,,,,,,,,,,,,,,,,,,,,,,,,,,,,,,,,,,,,,,,,,,,,,,,,,,,,,,,,,,,,,,,,,,,,,,,,,,,
102218000000,62015,R,Wells Fargo Bank,,,,,0,,,,,,,,,,,,,,,,,,,,,,,,,,,,,,,,,,,,,,,,,,,,,,,,,,,,,,,,,,,,,,,,,,,,,,,,,,,,,,,,,,,,,,,,,,,,,,,,,
102218000000,72015,R,Wells Fargo Bank,,,,,0,,,,,,,,,,,,,,,,,,,,,,,,,,,,,,,,,,,,,,,,,,,,,,,,,,,,,,,,,,,,,,,,,,,,,,,,,,,,,,,,,,,,,,,,,,,,,,,,,
102218000000,82015,R,Wells Fargo Bank,,,,,0,,,,,,,,,,,,,,,,,,,,,,,,,,,,,,,,,,,,,,,,,,,,,,,,,,,,,,,,,,,,,,,,,,,,,,,,,,,,,,,,,,,,,,,,,,,,,,,,,
102218000000,92015,R,Wells Fargo Bank,,,,,0,,,,,,,,,,,,,,,,,,,,,,,,,,,,,,,,,,,,,,,,,,,,,,,,,,,,,,,,,,,,,,,,,,,,,,,,,,,,,,,,,,,,,,,,,,,,,,,,,
102218000000,102015,R,Wells Fargo Bank,,,,,0,,,,,,,,,,,,,,,,,,,,,,,,,,,,,,,,,,,,,,,,,,,,,,,,,,,,,,,,,,,,,,,,,,,,,,,,,,,,,,,,,,,,,,,,,,,,,,,,,
102218000000,112015,R,Wells Fargo Bank,,,,,0,,,,,,,,,,,,,,,,,,,,,,,,,,,,,,,,,,,,,,,,,,,,,,,,,,,,,,,,,,,,,,,,,,,,,,,,,,,,,,,,,,,,,,,,,,,,,,,,,
102218000000,122015,R,Wells Fargo Bank,,,,,0,,,,,,,,,,,,,,,,,,,,,,,,,,,,,,,,,,,,,,,,,,,,,,,,,,,,,,,,,,,,,,,,,,,,,,,,,,,,,,,,,,,,,,,,,,,,,,,,,
102218000000,12016,R,Wells Fargo Bank,,,,,0,,,,,,,,,,,,,,,,,,,,,,,,,,,,,,,,,,,,,,,,,,,,,,,,,,,,,,,,,,,,,,,,,,,,,,,,,,,,,,,,,,,,,,,,,,,,,,,,,
102218000000,22016,R,Wells Fargo Bank,,,,,0,,,,,,,,,,,,,,,,,,,,,,,,,,,,,,,,,,,,,,,,,,,,,,,,,,,,,,,,,,,,,,,,,,,,,,,,,,,,,,,,,,,,,,,,,,,,,,,,,
102218000000,32016,R,Wells Fargo Bank,,,,,0,,,,,,,,,,,,,,,,,,,,,,,,,,,,,,,,,,,,,,,,,,,,,,,,,,,,,,,,,,,,,,,,,,,,,,,,,,,,,,,,,,,,,,,,,,,,,,,,,
102218000000,42016,R,Wells Fargo Bank,,,,,0,,,,,,,,,,,,,,,,,,,,,,,,,,,,,,,,,,,,,,,,,,,,,,,,,,,,,,,,,,,,,,,,,,,,,,,,,,,,,,,,,,,,,,,,,,,,,,,,,
102218000000,52016,R,Wells Fargo Bank,,,,,0,,,,,,,,,,,,,,,,,,,,,,,,,,,,,,,,,,,,,,,,,,,,,,,,,,,,,,,,,,,,,,,,,,,,,,,,,,,,,,,,,,,,,,,,,,,,,,,,,
102218000000,62016,R,Wells Fargo Bank,,,,,0,,,,,,,,,,,,,,,,,,,,,,,,,,,,,,,,,,,,,,,,,,,,,,,,,,,,,,,,,,,,,,,,,,,,,,,,,,,,,,,,,,,,,,,,,,,,,,,,,
102218000000,72016,R,Wells Fargo Bank,,,,,0,,,,,,,,,,,,,,,,,,,,,,,,,,,,,,,,,,,,,,,,,,,,,,,,,,,,,,,,,,,,,,,,,,,,,,,,,,,,,,,,,,,,,,,,,,,,,,,,,
102218000000,82016,R,Wells Fargo Bank,,,,,0,,,,,,,,,,,,,,,,,,,,,,,,,,,,,,,,,,,,,,,,,,,,,,,,,,,,,,,,,,,,,,,,,,,,,,,,,,,,,,,,,,,,,,,,,,,,,,,,,
102218000000,92016,R,Wells Fargo Bank,,,,,0,,,,,,,,,,,,,,,,,,,,,,,,,,,,,,,,,,,,,,,,,,,,,,,,,,,,,,,,,,,,,,,,,,,,,,,,,,,,,,,,,,,,,,,,,,,,,,,,,
102218000000,102016,R,Wells Fargo Bank,,,,,0,,,,,,,,,,,,,,,,,,,,,,,,,,,,,,,,,,,,,,,,,,,,,,,,,,,,,,,,,,,,,,,,,,,,,,,,,,,,,,,,,,,,,,,,,,,,,,,,,
102218000000,112016,R,Wells Fargo Bank,,,,,0,,,,,,,,,,,,,,,,,,,,,,,,,,,,,,,,,,,,,,,,,,,,,,,,,,,,,,,,,,,,,,,,,,,,,,,,,,,,,,,,,,,,,,,,,,,,,,,,,
102218000000,122016,R,Wells Fargo Bank,,,,,0,,,,,,,,,,,,,,,,,,,,,,,,,,,,,,,,,,,,,,,,,,,,,,,,,,,,,,,,,,,,,,,,,,,,,,,,,,,,,,,,,,,,,,,,,,,,,,,,,
102218000000,12017,R,Wells Fargo Bank,,,,,0,,,,,,,,,,,,,,,,,,,,,,,,,,,,,,,,,,,,,,,,,,,,,,,,,,,,,,,,,,,,,,,,,,,,,,,,,,,,,,,,,,,,,,,,,,,,,,,,,
102218000000,22017,R,Wells Fargo Bank,,,,,0,,,,,,,,,,,,,,,,,,,,,,,,,,,,,,,,,,,,,,,,,,,,,,,,,,,,,,,,,,,,,,,,,,,,,,,,,,,,,,,,,,,,,,,,,,,,,,,,,
102218000000,32017,R,Wells Fargo Bank,,,,,0,,,,,,,,,,,,,,,,,,,,,,,,,,,,,,,,,,,,,,,,,,,,,,,,,,,,,,,,,,,,,,,,,,,,,,,,,,,,,,,,,,,,,,,,,,,,,,,,,
102218000000,42017,R,Wells Fargo Bank,,,,,0,,,,,,,,,,,,,,,,,,,,,,,,,,,,,,,,,,,,,,,,,,,,,,,,,,,,,,,,,,,,,,,,,,,,,,,,,,,,,,,,,,,,,,,,,,,,,,,,,
102218000000,52017,R,Wells Fargo Bank,,,,,0,,,,,,,,,,,,,,,,,,,,,,,,,,,,,,,,,,,,,,,,,,,,,,,,,,,,,,,,,,,,,,,,,,,,,,,,,,,,,,,,,,,,,,,,,,,,,,,,,
102218000000,62017,R,Wells Fargo Bank,,,,,0,,,,,,,,,,,,,,,,,,,,,,,,,,,,,,,,,,,,,,,,,,,,,,,,,,,,,,,,,,,,,,,,,,,,,,,,,,,,,,,,,,,,,,,,,,,,,,,,,
102218000000,72017,R,Wells Fargo Bank,,,,,0,,,,,,,,,,,,,,,,,,,,,,,,,,,,,,,,,,,,,,,,,,,,,,,,,,,,,,,,,,,,,,,,,,,,,,,,,,,,,,,,,,,,,,,,,,,,,,,,,
102218000000,82017,R,Wells Fargo Bank,,,,,0,,,,,,,,,,,,,,,,,,,,,,,,,,,,,,,,,,,,,,,,,,,,,,,,,,,,,,,,,,,,,,,,,,,,,,,,,,,,,,,,,,,,,,,,,,,,,,,,,
102218000000,92017,R,Wells Fargo Bank,,,,,0,,,,,,,,,,,,,,,,,,,,,,,,,,,,,,,,,,,,,,,,,,,,,,,,,,,,,,,,,,,,,,,,,,,,,,,,,,,,,,,,,,,,,,,,,,,,,,,,,
102218000000,102017,R,Wells Fargo Bank,,,,,0,,,,,,,,,,,,,,,,,,,,,,,,,,,,,,,,,,,,,,,,,,,,,,,,,,,,,,,,,,,,,,,,,,,,,,,,,,,,,,,,,,,,,,,,,,,,,,,,,
102218000000,112017,R,Wells Fargo Bank,,,,,0,,,,,,,,,,,,,,,,,,,,,,,,,,,,,,,,,,,,,,,,,,,,,,,,,,,,,,,,,,,,,,,,,,,,,,,,,,,,,,,,,,,,,,,,,,,,,,,,,
102218000000,122017,R,Wells Fargo Bank,,,,,0,,,,,,,,,,,,,,,,,,,,,,,,,,,,,,,,,,,,,,,,,,,,,,,,,,,,,,,,,,,,,,,,,,,,,,,,,,,,,,,,,,,,,,,,,,,,,,,,,
102218000000,12018,R,Wells Fargo Bank,,,,,0,,,,,,,,,,,,,,,,,,,,,,,,,,,,,,,,,,,,,,,,,,,,,,,,,,,,,,,,,,,,,,,,,,,,,,,,,,,,,,,,,,,,,,,,,,,,,,,,,
102218000000,22018,R,Wells Fargo Bank,,,,,0,,,,,,,,,,,,,,,,,,,,,,,,,,,,,,,,,,,,,,,,,,,,,,,,,,,,,,,,,,,,,,,,,,,,,,,,,,,,,,,,,,,,,,,,,,,,,,,,,
102218000000,32018,R,Wells Fargo Bank,,,,,0,,,,,,,,,,,,,,,,,,,,,,,,,,,,,,,,,,,,,,,,,,,,,,,,,,,,,,,,,,,,,,,,,,,,,,,,,,,,,,,,,,,,,,,,,,,,,,,,,
102218000000,42018,R,Wells Fargo Bank,,,,,0,,,,,,,,,,,,,,,,,,,,,,,,,,,,,,,,,,,,,,,,,,,,,,,,,,,,,,,,,,,,,,,,,,,,,,,,,,,,,,,,,,,,,,,,,,,,,,,,,
102218000000,52018,R,Wells Fargo Bank,,,,,0,,,,,,,,,,,,,,,,,,,,,,,,,,,,,,,,,,,,,,,,,,,,,,,,,,,,,,,,,,,,,,,,,,,,,,,,,,,,,,,,,,,,,,,,,,,,,,,,,
102218000000,62018,R,Wells Fargo Bank,,,,,0,,,,,,,,,,,,,,,,,,,,,,,,,,,,,,,,,,,,,,,,,,,,,,,,,,,,,,,,,,,,,,,,,,,,,,,,,,,,,,,,,,,,,,,,,,,,,,,,,
102218000000,72018,R,Wells Fargo Bank,,,,,0,,,,,,,,,,,,,,,,,,,,,,,,,,,,,,,,,,,,,,,,,,,,,,,,,,,,,,,,,,,,,,,,,,,,,,,,,,,,,,,,,,,,,,,,,,,,,,,,,
102218000000,82018,R,Wells Fargo Bank,,,,,0,,,,,,,,,,,,,,,,,,,,,,,,,,,,,,,,,,,,,,,,,,,,,,,,,,,,,,,,,,,,,,,,,,,,,,,,,,,,,,,,,,,,,,,,,,,,,,,,,
102218000000,92018,R,Wells Fargo Bank,,,,,0,,,,,,,,,,,,,,,,,,,,,,,,,,,,,,,,,,,,,,,,,,,,,,,,,,,,,,,,,,,,,,,,,,,,,,,,,,,,,,,,,,,,,,,,,,,,,,,,,
102218000000,102018,R,Wells Fargo Bank,,,,,0,,,,,,,,,,,,,,,,,,,,,,,,,,,,,,,,,,,,,,,,,,,,,,,,,,,,,,,,,,,,,,,,,,,,,,,,,,,,,,,,,,,,,,,,,,,,,,,,,
102218000000,112018,R,Wells Fargo Bank,,,,,0,,,,,,,,,,,,,,,,,,,,,,,,,,,,,,,,,,,,,,,,,,,,,,,,,,,,,,,,,,,,,,,,,,,,,,,,,,,,,,,,,,,,,,,,,,,,,,,,,
102218000000,122018,R,Wells Fargo Bank,,,,,0,,,,,,,,,,,,,,,,,,,,,,,,,,,,,,,,,,,,,,,,,,,,,,,,,,,,,,,,,,,,,,,,,,,,,,,,,,,,,,,,,,,,,,,,,,,,,,,,,
102218000000,12019,R,Wells Fargo Bank,,,,,0,,,,,,,,,,,,,,,,,,,,,,,,,,,,,,,,,,,,,,,,,,,,,,,,,,,,,,,,,,,,,,,,,,,,,,,,,,,,,,,,,,,,,,,,,,,,,,,,,
102218000000,22019,R,Wells Fargo Bank,,,,,0,,,,,,,,,,,,,,,,,,,,,,,,,,,,,,,,,,,,,,,,,,,,,,,,,,,,,,,,,,,,,,,,,,,,,,,,,,,,,,,,,,,,,,,,,,,,,,,,,
102218000000,32019,R,Wells Fargo Bank,,,,,0,,,,,,,,,,,,,,,,,,,,,,,,,,,,,,,,,,,,,,,,,,,,,,,,,,,,,,,,,,,,,,,,,,,,,,,,,,,,,,,,,,,,,,,,,,,,,,,,,
102218000000,42019,R,Wells Fargo Bank,,,,,0,,,,,,,,,,,,,,,,,,,,,,,,,,,,,,,,,,,,,,,,,,,,,,,,,,,,,,,,,,,,,,,,,,,,,,,,,,,,,,,,,,,,,,,,,,,,,,,,,
102218000000,52019,R,Wells Fargo Bank,,,,,0,,,,,,,,,,,,,,,,,,,,,,,,,,,,,,,,,,,,,,,,,,,,,,,,,,,,,,,,,,,,,,,,,,,,,,,,,,,,,,,,,,,,,,,,,,,,,,,,,
102218000000,62019,R,Wells Fargo Bank,,,,,0,,,,,,,,,,,,,,,,,,,,,,,,,,,,,,,,,,,,,,,,,,,,,,,,,,,,,,,,,,,,,,,,,,,,,,,,,,,,,,,,,,,,,,,,,,,,,,,,,
102218000000,72019,R,Wells Fargo Bank,,,,,0,,,,,,,,,,,,,,,,,,,,,,,,,,,,,,,,,,,,,,,,,,,,,,,,,,,,,,,,,,,,,,,,,,,,,,,,,,,,,,,,,,,,,,,,,,,,,,,,,
102218000000,82019,R,Wells Fargo Bank,,,,,0,,,,,,,,,,,,,,,,,,,,,,,,,,,,,,,,,,,,,,,,,,,,,,,,,,,,,,,,,,,,,,,,,,,,,,,,,,,,,,,,,,,,,,,,,,,,,,,,,
102218000000,92019,R,Wells Fargo Bank,,,,,0,,,,,,,,,,,,,,,,,,,,,,,,,,,,,,,,,,,,,,,,,,,,,,,,,,,,,,,,,,,,,,,,,,,,,,,,,,,,,,,,,,,,,,,,,,,,,,,,,
102218000000,102019,R,Wells Fargo Bank,,,,,0,,,,,,,,,,,,,,,,,,,,,,,,,,,,,,,,,,,,,,,,,,,,,,,,,,,,,,,,,,,,,,,,,,,,,,,,,,,,,,,,,,,,,,,,,,,,,,,,,
102218000000,112019,R,Wells Fargo Bank,,,,,0,,,,,,,,,,,,,,,,,,,,,,,,,,,,,,,,,,,,,,,,,,,,,,,,,,,,,,,,,,,,,,,,,,,,,,,,,,,,,,,,,,,,,,,,,,,,,,,,,
102218000000,122019,R,Wells Fargo Bank,,,,,0,,,,,,,,,,,,,,,,,,,,,,,,,,,,,,,,,,,,,,,,,,,,,,,,,,,,,,,,,,,,,,,,,,,,,,,,,,,,,,,,,,,,,,,,,,,,,,,,,
102218000000,12020,R,Wells Fargo Bank,,,,,0,,,,,,,,,,,,,,,,,,,,,,,,,,,,,,,,,,,,,,,,,,,,,,,,,,,,,,,,,,,,,,,,,,,,,,,,,,,,,,,,,,,,,,,,,,,,,,,,,
102218000000,22020,R,Wells Fargo Bank,,,,,0,,,,,,,,,,,,,,,,,,,,,,,,,,,,,,,,,,,,,,,,,,,,,,,,,,,,,,,,,,,,,,,,,,,,,,,,,,,,,,,,,,,,,,,,,,,,,,,,,
102218000000,32020,R,Wells Fargo Bank,,,,,0,,,,,,,,,,,,,,,,,,,,,,,,,,,,,,,,,,,,,,,,,,,,,,,,,,,,,,,,,,,,,,,,,,,,,,,,,,,,,,,,,,,,,,,,,,,,,,,,,
102218000000,42020,R,Wells Fargo Bank,,,,,0,,,,,,,,,,,,,,,,,,,,,,,,,,,,,,,,,,,,,,,,,,,,,,,,,,,,,,,,,,,,,,,,,,,,,,,,,,,,,,,,,,,,,,,,,,,,,,,,,
102218000000,52020,R,Wells Fargo Bank,,,,,0,,,,,,,,,,,,,,,,,,,,,,,,,,,,,,,,,,,,,,,,,,,,,,,,,,,,,,,,,,,,,,,,,,,,,,,,,,,,,,,,,,,,,,,,,,,,,,,,,
102218000000,62020,R,Wells Fargo Bank,,,,,0,,,,,,,,,,,,,,,,,,,,,,,,,,,,,,,,,,,,,,,,,,,,,,,,,,,,,,,,,,,,,,,,,,,,,,,,,,,,,,,,,,,,,,,,,,,,,,,,,
102458000000,92009,R,Other,Other,,4.375,4.375,0,148000,,0,360,72009,92009,1,359,359,82039,71,71,3,29,754,810,N,C,SF,2,P,PR,41980,7,,FRM,N,N,,,0,,N,,,,,,,,,,,,,,,,,,,,,,,,,,,,,,,,N,,,,,,,N,,,,,,N,,,,,,,,,,,,,,,,N,,,
102458000000,102009,R,Other,Other,,4.375,4.375,0,148000,,0,360,72009,92009,2,358,358,82039,71,71,3,29,754,810,N,C,SF,2,P,PR,41980,7,,FRM,N,N,,,0,,N,,,,,,,,,,,,,,,,,,,,,,,,,,,,,,,,N,,,,,,,N,,,,,,N,,,,,,,,,,,,,,,,N,,,
102458000000,112009,R,Other,Other,,4.375,4.375,0,148000,,0,360,72009,92009,3,357,357,82039,71,71,3,29,754,810,N,C,SF,2,P,PR,41980,7,,FRM,N,N,,,0,,N,,,,,,,,,,,,,,,,,,,,,,,,,,,,,,,,N,,,,,,,N,,,,,,N,,,,,,,,,,,,,,,,N,,,
102458000000,122009,R,Other,Other,,4.375,4.375,0,148000,,0,360,72009,92009,4,356,356,82039,71,71,3,29,754,810,N,C,SF,2,P,PR,41980,7,,FRM,N,N,,,0,,N,,,,,,,,,,,,,,,,,,,,,,,,,,,,,,,,N,,,,,,,N,,,,,,N,,,,,,,,,,,,,,,,N,,,
102458000000,12010,R,Other,Other,,4.375,4.375,0,148000,,0,360,72009,92009,5,355,355,82039,71,71,3,29,754,810,N,C,SF,2,P,PR,41980,7,,FRM,N,N,,,0,,N,,,,,,,,,,,,,,,,,,,,,,,,,,,,,,,,N,,,,,,,N,,,,,,N,,,,,,,,,,,,,,,,N,,,
102458000000,22010,R,Other,Other,,4.375,4.375,0,148000,,0,360,72009,92009,6,354,354,82039,71,71,3,29,754,810,N,C,SF,2,P,PR,41980,7,,FRM,N,N,,,0,,N,,,,,,,,,,,,,,,,,,,,,,,,,,,,,,,,N,,,,,,,N,,,,,,N,,,,,,,,,,,,,,,,N,,,
102458000000,32010,R,Other,Other,,4.375,4.375,0,148000,,146589.14,360,72009,92009,7,353,353,82039,71,71,3,29,754,810,N,C,SF,2,P,PR,41980,7,,FRM,N,N,,,0,,N,,,,,,,,,,,,,,,,,,,,,,,,,,,,,,,,N,,,,,,,N,,,,,,N,,,,,,,,,,,,,,,,N,,,
102458000000,42010,R,Other,Other,,4.375,4.375,0,148000,,146384.64,360,72009,92009,8,352,352,82039,71,71,3,29,754,810,N,C,SF,2,P,PR,41980,7,,FRM,N,N,,,0,,N,,,,,,,,,,,,,,,,,,,,,,,,,,,,,,,,N,,,,,,,N,,,,,,N,,,,,,,,,,,,,,,,N,,,
102458000000,52010,R,Other,Other,,4.375,4.375,0,148000,,146179.39,360,72009,92009,9,351,351,82039,71,71,3,29,754,810,N,C,SF,2,P,PR,41980,7,,FRM,N,N,,,0,,N,,,,,,,,,,,,,,,,,,,,,,,,,,,,,,,,N,,,,,,,N,,,,,,N,,,,,,,,,,,,,,,,N,,,
102458000000,62010,R,Other,Other,,4.375,4.375,0,148000,,145973.4,360,72009,92009,10,350,350,82039,71,71,3,29,754,810,N,C,SF,2,P,PR,41980,7,,FRM,N,N,,,0,,N,,,,,,,,,,,,,,,,,,,,,,,,,,,,,,,,N,,,,,,,N,,,,,,N,,,,,,,,,,,,,,,,N,,,
102458000000,72010,R,Other,Other,,4.375,4.375,0,148000,,145766.65,360,72009,92009,11,349,349,82039,71,71,3,29,754,810,N,C,SF,2,P,PR,41980,7,,FRM,N,N,,,0,,N,,,,,,,,,,,,,,,,,,,,,,,,,,,,,,,,N,,,,,,,N,,,,,,N,,,,,,,,,,,,,,,,N,,,
102458000000,82010,R,Other,Other,,4.375,4.375,0,148000,,145559.15,360,72009,92009,12,348,348,82039,71,71,3,29,754,810,N,C,SF,2,P,PR,41980,7,,FRM,N,N,,,0,,N,,,,,,,,,,,,,,,,,,,,,,,,,,,,,,,,N,,,,,,,N,,,,,,N,,,,,,,,,,,,,,,,N,,,
102458000000,92010,R,Other,Other,,4.375,4.375,0,148000,,145350.89,360,72009,92009,13,347,347,82039,71,71,3,29,754,810,N,C,SF,2,P,PR,41980,7,,FRM,N,N,,,0,,N,,,,,,,,,,,,,,,,,,,,,,,,,,,,,,,,N,,,,,,,N,,,,,,N,,,,,,,,,,,,,,,,N,,,
102458000000,102010,R,Other,Other,,4.375,4.375,0,148000,,145141.88,360,72009,92009,14,346,346,82039,71,71,3,29,754,810,N,C,SF,2,P,PR,41980,7,,FRM,N,N,,,0,,N,,,,,,,,,,,,,,,,,,,,,,,,,,,,,,,,N,,,,,,,N,,,,,,N,,,,,,,,,,,,,,,,N,,,
102458000000,112010,R,Other,Other,,4.375,4.375,0,148000,,144932.1,360,72009,92009,15,345,345,82039,71,71,3,29,754,810,N,C,SF,2,P,PR,41980,7,,FRM,N,N,,,0,,N,,,,,,,,,,,,,,,,,,,,,,,,,,,,,,,,N,,,,,,,N,,,,,,N,,,,,,,,,,,,,,,,N,,,
102458000000,122010,R,Other,Other,,4.375,4.375,0,148000,,144721.56,360,72009,92009,16,344,344,82039,71,71,3,29,754,810,N,C,SF,2,P,PR,41980,7,,FRM,N,N,,,0,,N,,,,,,,,,,,,,,,,,,,,,,,,,,,,,,,,N,,,,,,,N,,,,,,N,,,,,,,,,,,,,,,,N,,,
102458000000,12011,R,Other,Other,,4.375,4.375,0,148000,,144510.25,360,72009,92009,17,343,343,82039,71,71,3,29,754,810,N,C,SF,2,P,PR,41980,7,,FRM,N,N,,,0,,N,,,,,,,,,,,,,,,,,,,,,,,,,,,,,,,,N,,,,,,,N,,,,,,N,,,,,,,,,,,,,,,,N,,,
102458000000,22011,R,Other,Other,,4.375,4.375,0,148000,,144298.17,360,72009,92009,18,342,342,82039,71,71,3,29,754,810,N,C,SF,2,P,PR,41980,7,,FRM,N,N,,,0,,N,,,,,,,,,,,,,,,,,,,,,,,,,,,,,,,,N,,,,,,,N,,,,,,N,,,,,,,,,,,,,,,,N,,,
102458000000,32011,R,Other,Other,,4.375,4.375,0,148000,,144085.32,360,72009,92009,19,341,341,82039,71,71,3,29,754,810,N,C,SF,2,P,PR,41980,7,,FRM,N,N,,,0,,N,,,,,,,,,,,,,,,,,,,,,,,,,,,,,,,,N,,,,,,,N,,,,,,N,,,,,,,,,,,,,,,,N,,,
102458000000,42011,R,Other,Other,,4.375,4.375,0,148000,,143871.69,360,72009,92009,20,340,340,82039,71,71,3,29,754,810,N,C,SF,2,P,PR,41980,7,,FRM,N,N,,,0,,N,,,,,,,,,,,,,,,,,,,,,,,,,,,,,,,,N,,,,,,,N,,,,,,N,,,,,,,,,,,,,,,,N,,,
102458000000,52011,R,Other,Other,,4.375,4.375,0,148000,,143657.28,360,72009,92009,21,339,339,82039,71,71,3,29,754,810,N,C,SF,2,P,PR,41980,7,,FRM,N,N,,,0,,N,,,,,,,,,,,,,,,,,,,,,,,,,,,,,,,,N,,,,,,,N,,,,,,N,,,,,,,,,,,,,,,,N,,,
102458000000,62011,R,Other,Other,,4.375,4.375,0,148000,,143442.09,360,72009,92009,22,338,338,82039,71,71,3,29,754,810,N,C,SF,2,P,PR,41980,7,,FRM,N,N,,,0,,N,,,,,,,,,,,,,,,,,,,,,,,,,,,,,,,,N,,,,,,,N,,,,,,N,,,,,,,,,,,,,,,,N,,,
102458000000,72011,R,Other,Other,,4.375,4.375,0,148000,,143226.12,360,72009,92009,23,337,337,82039,71,71,3,29,754,810,N,C,SF,2,P,PR,41980,7,,FRM,N,N,,,0,,N,,,,,,,,,,,,,,,,,,,,,,,,,,,,,,,,N,,,,,,,N,,,,,,N,,,,,,,,,,,,,,,,N,,,
102458000000,82011,R,Other,Other,,4.375,4.375,0,148000,,143009.36,360,72009,92009,24,336,336,82039,71,71,3,29,754,810,N,C,SF,2,P,PR,41980,7,,FRM,N,N,,,0,,N,,,,,,,,,,,,,,,,,,,,,,,,,,,,,,,,N,,,,,,,N,,,,,,N,,,,,,,,,,,,,,,,N,,,
102458000000,92011,R,Other,Other,,4.375,4.375,0,148000,,142791.81,360,72009,92009,25,335,335,82039,71,71,3,29,754,810,N,C,SF,2,P,PR,41980,7,,FRM,N,N,,,0,,N,,,,,,,,,,,,,,,,,,,,,,,,,,,,,,,,N,,,,,,,N,,,,,,N,,,,,,,,,,,,,,,,N,,,
102458000000,102011,R,Other,Other,,4.375,4.375,0,148000,,142573.47,360,72009,92009,26,334,334,82039,71,71,3,29,754,810,N,C,SF,2,P,PR,41980,7,,FRM,N,N,,,0,,N,,,,,,,,,,,,,,,,,,,,,,,,,,,,,,,,N,,,,,,,N,,,,,,N,,,,,,,,,,,,,,,,N,,,
102458000000,112011,R,Other,Other,,4.375,4.375,0,148000,,142354.33,360,72009,92009,27,333,333,82039,71,71,3,29,754,810,N,C,SF,2,P,PR,41980,7,,FRM,N,N,,,0,,N,,,,,,,,,,,,,,,,,,,,,,,,,,,,,,,,N,,,,,,,N,,,,,,N,,,,,,,,,,,,,,,,N,,,
102458000000,122011,R,Other,Other,,4.375,4.375,0,148000,,142134.39,360,72009,92009,28,332,332,82039,71,71,3,29,754,810,N,C,SF,2,P,PR,41980,7,,FRM,N,N,,,0,,N,,,,,,,,,,,,,,,,,,,,,,,,,,,,,,,,N,,,,,,,N,,,,,,N,,,,,,,,,,,,,,,,N,,,
102458000000,12012,R,Other,Other,,4.375,4.375,0,148000,,141913.65,360,72009,92009,29,331,331,82039,71,71,3,29,754,810,N,C,SF,2,P,PR,41980,7,,FRM,N,N,,,0,,N,,,,,,,,,,,,,,,,,,,,,,,,,,,,,,,,N,,,,,,,N,,,,,,N,,,,,,,,,,,,,,,,N,,,
102458000000,22012,R,Other,Other,,4.375,4.375,0,148000,,141692.1,360,72009,92009,30,330,330,82039,71,71,3,29,754,810,N,C,SF,2,P,PR,41980,7,,FRM,N,N,,,0,,N,,,,,,,,,,,,,,,,,,,,,,,,,,,,,,,,N,,,,,,,N,,,,,,N,,,,,,,,,,,,,,,,N,,,
102458000000,32012,R,Other,Other,,4.375,4.375,0,148000,,141469.75,360,72009,92009,31,329,329,82039,71,71,3,29,754,810,N,C,SF,2,P,PR,41980,7,,FRM,N,N,,,0,,N,,,,,,,,,,,,,,,,,,,,,,,,,,,,,,,,N,,,,,,,N,,,,,,N,,,,,,,,,,,,,,,,N,,,
102458000000,42012,R,Other,Other,,4.375,4.375,0,148000,,141246.59,360,72009,92009,32,328,328,82039,71,71,3,29,754,810,N,C,SF,2,P,PR,41980,7,,FRM,N,N,,,0,,N,,,,,,,,,,,,,,,,,,,,,,,,,,,,,,,,N,,,,,,,N,,,,,,N,,,,,,,,,,,,,,,,N,,,
102458000000,52012,R,Other,Other,,4.375,4.375,0,148000,,141022.61,360,72009,92009,33,327,327,82039,71,71,3,29,754,810,N,C,SF,2,P,PR,41980,7,,FRM,N,N,,,0,,N,,,,,,,,,,,,,,,,,,,,,,,,,,,,,,,,N,,,,,,,N,,,,,,N,,,,,,,,,,,,,,,,N,,,
102458000000,62012,R,Other,Other,,4.375,4.375,0,148000,,140797.81,360,72009,92009,34,326,326,82039,71,71,3,29,754,810,N,C,SF,2,P,PR,41980,7,,FRM,N,N,,,0,,N,,,,,,,,,,,,,,,,,,,,,,,,,,,,,,,,N,,,,,,,N,,,,,,N,,,,,,,,,,,,,,,,N,,,
102458000000,72012,R,Other,Other,,4.375,4.375,0,148000,,140572.2,360,72009,92009,35,325,325,82039,71,71,3,29,754,810,N,C,SF,2,P,PR,41980,7,,FRM,N,N,,,0,,N,,,,,,,,,,,,,,,,,,,,,,,,,,,,,,,,N,,,,,,,N,,,,,,N,,,,,,,,,,,,,,,,N,,,
102458000000,82012,R,Other,Other,,4.375,4.375,0,148000,,140345.76,360,72009,92009,36,324,324,82039,71,71,3,29,754,810,N,C,SF,2,P,PR,41980,7,,FRM,N,N,,,0,,N,,,,,,,,,,,,,,,,,,,,,,,,,,,,,,,,N,,,,,,,N,,,,,,N,,,,,,,,,,,,,,,,N,,,
102458000000,92012,R,Other,Other,,4.375,4.375,0,148000,,140118.5,360,72009,92009,37,323,323,82039,71,71,3,29,754,810,N,C,SF,2,P,PR,41980,7,,FRM,N,N,,,0,,N,,,,,,,,,,,,,,,,,,,,,,,,,,,,,,,,N,,,,,,,N,,,,,,N,,,,,,,,,,,,,,,,N,,,
102458000000,102012,R,Other,Other,,4.375,4.375,0,148000,,139890.41,360,72009,92009,38,322,322,82039,71,71,3,29,754,810,N,C,SF,2,P,PR,41980,7,,FRM,N,N,,,0,,N,,,,,,,,,,,,,,,,,,,,,,,,,,,,,,,,N,,,,,,,N,,,,,,N,,,,,,,,,,,,,,,,N,,,
102458000000,112012,R,Other,Other,,4.375,4.375,0,148000,,139661.49,360,72009,92009,39,321,321,82039,71,71,3,29,754,810,N,C,SF,2,P,PR,41980,7,,FRM,N,N,,,0,,N,,,,,,,,,,,,,,,,,,,,,,,,,,,,,,,,N,,,,,,,N,,,,,,N,,,,,,,,,,,,,,,,N,,,
102458000000,122012,R,Other,Other,,4.375,4.375,0,148000,,139431.73,360,72009,92009,40,320,320,82039,71,71,3,29,754,810,N,C,SF,2,P,PR,41980,7,,FRM,N,N,,,0,,N,,,,,,,,,,,,,,,,,,,,,,,,,,,,,,,,N,,,,,,,N,,,,,,N,,,,,,,,,,,,,,,,N,,,
102458000000,12013,R,Other,Other,,4.375,4.375,0,148000,,139201.13,360,72009,92009,41,319,319,82039,71,71,3,29,754,810,N,C,SF,2,P,PR,41980,7,,FRM,N,N,,,0,,N,,,,,,,,,,,,,,,,,,,,,,,,,,,,,,,,N,,,,,,,N,,,,,,N,,,,,,,,,,,,,,,,N,,,
102458000000,22013,R,Other,Other,,4.375,4.375,0,148000,,138969.69,360,72009,92009,42,318,318,82039,71,71,3,29,754,810,N,C,SF,2,P,PR,41980,7,,FRM,N,N,,,0,,N,,,,,,,,,,,,,,,,,,,,,,,,,,,,,,,,N,,,,,,,N,,,,,,N,,,,,,,,,,,,,,,,N,,,
102458000000,32013,R,Other,Other,,4.375,4.375,0,148000,,138737.41,360,72009,92009,43,317,317,82039,71,71,3,29,754,810,N,C,SF,2,P,PR,41980,7,,FRM,N,N,,,0,,N,,,,,,,,,,,,,,,,,,,,,,,,,,,,,,,,N,,,,,,,N,,,,,,N,,,,,,,,,,,,,,,,N,,,
102458000000,42013,R,Other,Other,,4.375,4.375,0,148000,,138504.28,360,72009,92009,44,316,316,82039,71,71,3,29,754,810,N,C,SF,2,P,PR,41980,7,,FRM,N,N,,,0,,N,,,,,,,,,,,,,,,,,,,,,,,,,,,,,,,,N,,,,,,,N,,,,,,N,,,,,,,,,,,,,,,,N,,,
102458000000,52013,R,Other,Other,,4.375,4.375,0,148000,,138270.3,360,72009,92009,45,315,315,82039,71,71,3,29,754,810,N,C,SF,2,P,PR,41980,7,,FRM,N,N,,,0,,N,,,,,,,,,,,,,,,,,,,,,,,,,,,,,,,,N,,,,,,,N,,,,,,N,,,,,,,,,,,,,,,,N,,,
102458000000,62013,R,Other,Other,,4.375,4.375,0,148000,,138035.47,360,72009,92009,46,314,314,82039,71,71,3,29,754,810,N,C,SF,2,P,PR,41980,7,,FRM,N,N,,,0,,N,,,,,,,,,,,,,,,,,,,,,,,,,,,,,,,,N,,,,,,,N,,,,,,N,,,,,,,,,,,,,,,,N,,,
102458000000,72013,R,Other,Other,,4.375,4.375,0,148000,,137799.78,360,72009,92009,47,313,313,82039,71,71,3,29,754,810,N,C,SF,2,P,PR,41980,7,,FRM,N,N,,,0,,N,,,,,,,,,,,,,,,,,,,,,,,,,,,,,,,,N,,,,,,,N,,,,,,N,,,,,,,,,,,,,,,,N,,,
102458000000,82013,R,Other,Other,,4.375,4.375,0,148000,,137563.23,360,72009,92009,48,312,312,82039,71,71,3,29,754,810,N,C,SF,2,P,PR,41980,7,,FRM,N,N,,,0,,N,,,,,,,,,,,,,,,,,,,,,,,,,,,,,,,,N,,,,,,,N,,,,,,N,,,,,,,,,,,,,,,,N,,,
102458000000,92013,R,Other,Other,,4.375,4.375,0,148000,,137325.82,360,72009,92009,49,311,311,82039,71,71,3,29,754,810,N,C,SF,2,P,PR,41980,7,,FRM,N,N,,,0,,N,,,,,,,,,,,,,,,,,,,,,,,,,,,,,,,,N,,,,,,,N,,,,,,N,,,,,,,,,,,,,,,,N,,,
102458000000,102013,R,Other,Other,,4.375,4.375,0,148000,,137087.55,360,72009,92009,50,310,310,82039,71,71,3,29,754,810,N,C,SF,2,P,PR,41980,7,,FRM,N,N,,,0,,N,,,,,,,,,,,,,,,,,,,,,,,,,,,,,,,,N,,,,,,,N,,,,,,N,,,,,,,,,,,,,,,,N,,,
102458000000,112013,R,Other,Other,,4.375,4.375,0,148000,,136848.41,360,72009,92009,51,309,309,82039,71,71,3,29,754,810,N,C,SF,2,P,PR,41980,7,,FRM,N,N,,,0,,N,,,,,,,,,,,,,,,,,,,,,,,,,,,,,,,,N,,,,,,,N,,,,,,N,,,,,,,,,,,,,,,,N,,,
102458000000,122013,R,Other,Other,,4.375,4.375,0,148000,,136608.4,360,72009,92009,52,308,308,82039,71,71,3,29,754,810,N,C,SF,2,P,PR,41980,7,,FRM,N,N,,,0,,N,,,,,,,,,,,,,,,,,,,,,,,,,,,,,,,,N,,,,,,,N,,,,,,N,,,,,,,,,,,,,,,,N,,,
102458000000,12014,R,Other,Other,,4.375,4.375,0,148000,,136367.51,360,72009,92009,53,307,307,82039,71,71,3,29,754,810,N,C,SF,2,P,PR,41980,7,,FRM,N,N,,,0,,N,,,,,,,,,,,,,,,,,,,,,,,,,,,,,,,,N,,,,,,,N,,,,,,N,,,,,,,,,,,,,,,,N,,,
102458000000,22014,R,Other,Other,,4.375,4.375,0,148000,,136125.74,360,72009,92009,54,306,306,82039,71,71,3,29,754,810,N,C,SF,2,P,PR,41980,7,,FRM,N,N,,,0,,N,,,,,,,,,,,,,,,,,,,,,,,,,,,,,,,,N,,,,,,,N,,,,,,N,,,,,,,,,,,,,,,,N,,,
102458000000,32014,R,Other,Other,,4.375,4.375,0,148000,,135883.09,360,72009,92009,55,305,305,82039,71,71,3,29,754,810,N,C,SF,2,P,PR,41980,7,,FRM,N,N,,,0,,N,,,,,,,,,,,,,,,,,,,,,,,,,,,,,,,,N,,,,,,,N,,,,,,N,,,,,,,,,,,,,,,,N,,,
102458000000,42014,R,Other,Other,,4.375,4.375,0,148000,,135639.56,360,72009,92009,56,304,304,82039,71,71,3,29,754,810,N,C,SF,2,P,PR,41980,7,,FRM,N,N,,,0,,N,,,,,,,,,,,,,,,,,,,,,,,,,,,,,,,,N,,,,,,,N,,,,,,N,,,,,,,,,,,,,,,,N,,,
102458000000,52014,R,Other,Other,,4.375,4.375,0,148000,,135395.14,360,72009,92009,57,303,303,82039,71,71,3,29,754,810,N,C,SF,2,P,PR,41980,7,,FRM,N,N,,,0,,N,,,,,,,,,,,,,,,,,,,,,,,,,,,,,,,,N,,,,,,,N,,,,,,N,,,,,,,,,,,,,,,,N,,,
102458000000,62014,R,Other,Other,,4.375,4.375,0,148000,,135149.83,360,72009,92009,58,302,302,82039,71,71,3,29,754,810,N,C,SF,2,P,PR,41980,7,,FRM,N,N,,,0,,N,,,,,,,,,,,,,,,,,,,,,,,,,,,,,,,,N,,,,,,,N,,,,,,N,,,,,,,,,,,,,,,,N,,,
102458000000,72014,R,Other,Other,,4.375,4.375,0,148000,,134903.62,360,72009,92009,59,301,301,82039,71,71,3,29,754,810,N,C,SF,2,P,PR,41980,7,,FRM,N,N,,,0,,N,,,,,,,,,,,,,,,,,,,,,,,,,,,,,,,,N,,,,,,,N,,,,,,N,,,,,,,,,,,,,,,,N,,,
102458000000,82014,R,Other,Other,,4.375,4.375,0,148000,,134656.52,360,72009,92009,60,300,300,82039,71,71,3,29,754,810,N,C,SF,2,P,PR,41980,7,,FRM,N,N,,,0,,N,,,,,,,,,,,,,,,,,,,,,,,,,,,,,,,,N,,,,,,,N,,,,,,N,,,,,,,,,,,,,,,,N,,,
102458000000,92014,R,Other,Other,,4.375,4.375,0,148000,,134408.52,360,72009,92009,61,299,299,82039,71,71,3,29,754,810,N,C,SF,2,P,PR,41980,7,,FRM,N,N,,,0,,N,,,,,,,,,,,,,,,,,,,,,,,,,,,,,,,,N,,,,,,,N,,,,,,N,,,,,,,,,,,,,,,,N,,,
102458000000,102014,R,Other,Other,,4.375,4.375,0,148000,,134159.61,360,72009,92009,62,298,298,82039,71,71,3,29,754,810,N,C,SF,2,P,PR,41980,7,,FRM,N,N,,,0,,N,,,,,,,,,,,,,,,,,,,,,,,,,,,,,,,,N,,,,,,,N,,,,,,N,,,,,,,,,,,,,,,,N,,,
102458000000,112014,R,Other,Other,,4.375,4.375,0,148000,,133909.79,360,72009,92009,63,297,297,82039,71,71,3,29,754,810,N,C,SF,2,P,PR,41980,7,,FRM,N,N,,,0,,N,,,,,,,,,,,,,,,,,,,,,,,,,,,,,,,,N,,,,,,,N,,,,,,N,,,,,,,,,,,,,,,,N,,,
102458000000,122014,R,Other,Other,,4.375,4.375,0,148000,,133659.06,360,72009,92009,64,296,296,82039,71,71,3,29,754,810,N,C,SF,2,P,PR,41980,7,,FRM,N,N,,,0,,N,,,,,,,,,,,,,,,,,,,,,,,,,,,,,,,,N,,,,,,,N,,,,,,N,,,,,,,,,,,,,,,,N,,,
102458000000,12015,R,Other,Other,,4.375,4.375,0,148000,,133407.42,360,72009,92009,65,295,295,82039,71,71,3,29,754,810,N,C,SF,2,P,PR,41980,7,,FRM,N,N,,,0,,N,,,,,,,,,,,,,,,,,,,,,,,,,,,,,,,,N,,,,,,,N,,,,,,N,,,,,,,,,,,,,,,,N,,,
102458000000,22015,R,Other,Other,,4.375,4.375,0,148000,,133154.86,360,72009,92009,66,294,294,82039,71,71,3,29,754,810,N,C,SF,2,P,PR,41980,7,,FRM,N,N,,,0,,N,,,,,,,,,,,,,,,,,,,,,,,,,,,,,,,,N,,,,,,,N,,,,,,N,,,,,,,,,,,,,,,,N,,,
102458000000,32015,R,Other,Other,,4.375,4.375,0,148000,,132901.38,360,72009,92009,67,293,293,82039,71,71,3,29,754,810,N,C,SF,2,P,PR,41980,7,,FRM,N,N,,,0,,N,,,,,,,,,,,,,,,,,,,,,,,,,,,,,,,,N,,,,,,,N,,,,,,N,,,,,,,,,,,,,,,,N,,,
102458000000,42015,R,Other,Other,,4.375,4.375,0,148000,,132646.98,360,72009,92009,68,292,292,82039,71,71,3,29,754,810,N,C,SF,2,P,PR,41980,7,,FRM,N,N,,,0,,N,,,,,,,,,,,,,,,,,,,,,,,,,,,,,,,,N,,,,,,,N,,,,,,N,,,,,,,,,,,,,,,,N,,,
102458000000,52015,R,Other,Other,,4.375,4.375,0,148000,,132391.65,360,72009,92009,69,291,291,82039,71,71,3,29,754,810,N,C,SF,2,P,PR,41980,7,,FRM,N,N,,,0,,N,,,,,,,,,,,,,,,,,,,,,,,,,,,,,,,,N,,,,,,,N,,,,,,N,,,,,,,,,,,,,,,,N,,,
102458000000,62015,R,Other,Other,,4.375,4.375,0,148000,,132135.39,360,72009,92009,70,290,290,82039,71,71,3,29,754,810,N,C,SF,2,P,PR,41980,7,,FRM,N,N,,,0,,N,,,,,,,,,,,,,,,,,,,,,,,,,,,,,,,,N,,,,,,,N,,,,,,N,,,,,,,,,,,,,,,,N,,,
102458000000,72015,R,Other,Other,,4.375,4.375,0,148000,,131878.19,360,72009,92009,71,289,289,82039,71,71,3,29,754,810,N,C,SF,2,P,PR,41980,7,,FRM,N,N,,,0,,N,,,,,,,,,,,,,,,,,,,,,,,,,,,,,,,,N,,,,,,,N,,,,,,N,,,,,,,,,,,,,,,,N,,,
102458000000,82015,R,Other,Other,,4.375,4.375,0,148000,,131620.06,360,72009,92009,72,288,288,82039,71,71,3,29,754,810,N,C,SF,2,P,PR,41980,7,,FRM,N,N,,,0,,N,,,,,,,,,,,,,,,,,,,,,,,,,,,,,,,,N,,,,,,,N,,,,,,N,,,,,,,,,,,,,,,,N,,,
102458000000,92015,R,Other,Other,,4.375,4.375,0,148000,,131360.98,360,72009,92009,73,287,287,82039,71,71,3,29,754,810,N,C,SF,2,P,PR,41980,7,,FRM,N,N,,,0,,N,,,,,,,,,,,,,,,,,,,,,,,,,,,,,,,,N,,,,,,,N,,,,,,N,,,,,,,,,,,,,,,,N,,,
102458000000,102015,R,Other,Other,,4.375,4.375,0,148000,,131100.96,360,72009,92009,74,286,286,82039,71,71,3,29,754,810,N,C,SF,2,P,PR,41980,7,,FRM,N,N,,,0,,N,,,,,,,,,,,,,,,,,,,,,,,,,,,,,,,,N,,,,,,,N,,,,,,N,,,,,,,,,,,,,,,,N,,,
102458000000,112015,R,Other,Other,,4.375,4.375,0,148000,,130839.99,360,72009,92009,75,285,285,82039,71,71,3,29,754,810,N,C,SF,2,P,PR,41980,7,,FRM,N,N,,,0,,N,,,,,,,,,,,,,,,,,,,,,,,,,,,,,,,,N,,,,,,,N,,,,,,N,,,,,,,,,,,,,,,,N,,,
102458000000,122015,R,Other,Other,,4.375,4.375,0,148000,,130578.07,360,72009,92009,76,284,284,82039,71,71,3,29,754,810,N,C,SF,2,P,PR,41980,7,,FRM,N,N,,,0,,N,,,,,,,,,,,,,,,,,,,,,,,,,,,,,,,,N,,,,,,,N,,,,,,N,,,,,,,,,,,,,,,,N,,,
102458000000,12016,R,Other,Other,,4.375,4.375,0,148000,,130315.2,360,72009,92009,77,283,283,82039,71,71,3,29,754,810,N,C,SF,2,P,PR,41980,7,,FRM,N,N,,,0,,N,,,,,,,,,,,,,,,,,,,,,,,,,,,,,,,,N,,,,,,,N,,,,,,N,,,,,,,,,,,,,,,,N,,,
102458000000,22016,R,Other,Other,,4.375,4.375,0,148000,,130051.37,360,72009,92009,78,282,282,82039,71,71,3,29,754,810,N,C,SF,2,P,PR,41980,7,,FRM,N,N,,,0,,N,,,,,,,,,,,,,,,,,,,,,,,,,,,,,,,,N,,,,,,,N,,,,,,N,,,,,,,,,,,,,,,,N,,,
102458000000,32016,R,Other,Other,,4.375,4.375,0,148000,,129786.58,360,72009,92009,79,281,281,82039,71,71,3,29,754,810,N,C,SF,2,P,PR,41980,7,,FRM,N,N,,,0,,N,,,,,,,,,,,,,,,,,,,,,,,,,,,,,,,,N,,,,,,,N,,,,,,N,,,,,,,,,,,,,,,,N,,,
102458000000,42016,R,Other,Other,,4.375,4.375,0,148000,,129520.82,360,72009,92009,80,280,280,82039,71,71,3,29,754,810,N,C,SF,2,P,PR,41980,7,,FRM,N,N,,,0,,N,,,,,,,,,,,,,,,,,,,,,,,,,,,,,,,,N,,,,,,,N,,,,,,N,,,,,,,,,,,,,,,,N,,,
102458000000,52016,R,Other,Other,,4.375,4.375,0,148000,,129254.09,360,72009,92009,81,279,279,82039,71,71,3,29,754,810,N,C,SF,2,P,PR,41980,7,,FRM,N,N,,,0,,N,,,,,,,,,,,,,,,,,,,,,,,,,,,,,,,,N,,,,,,,N,,,,,,N,,,,,,,,,,,,,,,,N,,,
102458000000,62016,R,Other,Other,,4.375,4.375,0,148000,,128986.39,360,72009,92009,82,278,278,82039,71,71,3,29,754,810,N,C,SF,2,P,PR,41980,7,,FRM,N,N,,,0,,N,,,,,,,,,,,,,,,,,,,,,,,,,,,,,,,,N,,,,,,,N,,,,,,N,,,,,,,,,,,,,,,,N,,,
102458000000,72016,R,Other,Other,,4.375,4.375,0,148000,,128717.71,360,72009,92009,83,277,277,82039,71,71,3,29,754,810,N,C,SF,2,P,PR,41980,7,,FRM,N,N,,,0,,N,,,,,,,,,,,,,,,,,,,,,,,,,,,,,,,,N,,,,,,,N,,,,,,N,,,,,,,,,,,,,,,,N,,,
102458000000,82016,R,Other,Other,,4.375,4.375,0,148000,,128448.05,360,72009,92009,84,276,276,82039,71,71,3,29,754,810,N,C,SF,2,P,PR,41980,7,,FRM,N,N,,,0,,N,,,,,,,,,,,,,,,,,,,,,,,,,,,,,,,,N,,,,,,,N,,,,,,N,,,,,,,,,,,,,,,,N,,,
102458000000,92016,R,Other,Other,,4.375,4.375,0,148000,,128177.41,360,72009,92009,85,275,275,82039,71,71,3,29,754,810,N,C,SF,2,P,PR,41980,7,,FRM,N,N,,,0,,N,,,,,,,,,,,,,,,,,,,,,,,,,,,,,,,,N,,,,,,,N,,,,,,N,,,,,,,,,,,,,,,,N,,,
102458000000,102016,R,Other,Other,,4.375,4.375,0,148000,,127905.78,360,72009,92009,86,274,274,82039,71,71,3,29,754,810,N,C,SF,2,P,PR,41980,7,,FRM,N,N,,,0,,N,,,,,,,,,,,,,,,,,,,,,,,,,,,,,,,,N,,,,,,,N,,,,,,N,,,,,,,,,,,,,,,,N,,,
102458000000,112016,R,Other,Other,,4.375,4.375,0,148000,,127633.16,360,72009,92009,87,273,273,82039,71,71,3,29,754,810,N,C,SF,2,P,PR,41980,7,,FRM,N,N,,,0,,N,,,,,,,,,,,,,,,,,,,,,,,,,,,,,,,,N,,,,,,,N,,,,,,N,,,,,,,,,,,,,,,,N,,,
102458000000,122016,R,Other,Other,,4.375,4.375,0,148000,,127359.55,360,72009,92009,88,272,272,82039,71,71,3,29,754,810,N,C,SF,2,P,PR,41980,7,,FRM,N,N,,,0,,N,,,,,,,,,,,,,,,,,,,,,,,,,,,,,,,,N,,,,,,,N,,,,,,N,,,,,,,,,,,,,,,,N,,,
102458000000,12017,R,Other,Other,,4.375,4.375,0,148000,,127084.94,360,72009,92009,89,271,271,82039,71,71,3,29,754,810,N,C,SF,2,P,PR,41980,7,,FRM,N,N,,,0,,N,,,,,,,,,,,,,,,,,,,,,,,,,,,,,,,,N,,,,,,,N,,,,,,N,,,,,,,,,,,,,,,,N,,,
102458000000,22017,R,Other,Other,,4.375,4.375,0,148000,,126809.33,360,72009,92009,90,270,270,82039,71,71,3,29,754,810,N,C,SF,2,P,PR,41980,7,,FRM,N,N,,,0,,N,,,,,,,,,,,,,,,,,,,,,,,,,,,,,,,,N,,,,,,,N,,,,,,N,,,,,,,,,,,,,,,,N,,,
102458000000,32017,R,Other,Other,,4.375,4.375,0,148000,,126532.72,360,72009,92009,91,269,269,82039,71,71,3,29,754,810,N,C,SF,2,P,PR,41980,7,,FRM,N,N,,,0,,N,,,,,,,,,,,,,,,,,,,,,,,,,,,,,,,,N,,,,,,,N,,,,,,N,,,,,,,,,,,,,,,,N,,,
102458000000,42017,R,Other,Other,,4.375,4.375,0,148000,,126255.1,360,72009,92009,92,268,268,82039,71,71,3,29,754,810,N,C,SF,2,P,PR,41980,7,,FRM,N,N,,,0,,N,,,,,,,,,,,,,,,,,,,,,,,,,,,,,,,,N,,,,,,,N,,,,,,N,,,,,,,,,,,,,,,,N,,,
102458000000,52017,R,Other,Other,,4.375,4.375,0,148000,,125976.47,360,72009,92009,93,267,267,82039,71,71,3,29,754,810,N,C,SF,2,P,PR,41980,7,,FRM,N,N,,,0,,N,,,,,,,,,,,,,,,,,,,,,,,,,,,,,,,,N,,,,,,,N,,,,,,N,,,,,,,,,,,,,,,,N,,,
102458000000,62017,R,Other,Other,,4.375,4.375,0,148000,,125696.82,360,72009,92009,94,266,266,82039,71,71,3,29,754,810,N,C,SF,2,P,PR,41980,7,,FRM,N,N,,,0,,N,,,,,,,,,,,,,,,,,,,,,,,,,,,,,,,,N,,,,,,,N,,,,,,N,,,,,,,,,,,,,,,,N,,,
102458000000,72017,R,Other,Other,,4.375,4.375,0,148000,,125416.15,360,72009,92009,95,265,265,82039,71,71,3,29,754,810,N,C,SF,2,P,PR,41980,7,,FRM,N,N,,,0,,N,,,,,,,,,,,,,,,,,,,,,,,,,,,,,,,,N,,,,,,,N,,,,,,N,,,,,,,,,,,,,,,,N,,,
102458000000,82017,R,Other,Other,,4.375,4.375,0,148000,,125134.46,360,72009,92009,96,264,264,82039,71,71,3,29,754,810,N,C,SF,2,P,PR,41980,7,,FRM,N,N,,,0,,N,,,,,,,,,,,,,,,,,,,,,,,,,,,,,,,,N,,,,,,,N,,,,,,N,,,,,,,,,,,,,,,,N,,,
102458000000,92017,R,Other,Other,,4.375,4.375,0,148000,,124851.74,360,72009,92009,97,263,263,82039,71,71,3,29,754,810,N,C,SF,2,P,PR,41980,7,,FRM,N,N,,,0,,N,,,,,,,,,,,,,,,,,,,,,,,,,,,,,,,,N,,,,,,,N,,,,,,N,,,,,,,,,,,,,,,,N,,,
102458000000,102017,R,Other,Other,,4.375,4.375,0,148000,,124567.99,360,72009,92009,98,262,262,82039,71,71,3,29,754,810,N,C,SF,2,P,PR,41980,7,,FRM,N,N,,,0,,N,,,,,,,,,,,,,,,,,,,,,,,,,,,,,,,,N,,,,,,,N,,,,,,N,,,,,,,,,,,,,,,,N,,,
102458000000,112017,R,Other,Other,,4.375,4.375,0,148000,,124283.2,360,72009,92009,99,261,261,82039,71,71,3,29,754,810,N,C,SF,2,P,PR,41980,7,,FRM,N,N,,,0,,N,,,,,,,,,,,,,,,,,,,,,,,,,,,,,,,,N,,,,,,,N,,,,,,N,,,,,,,,,,,,,,,,N,,,
102458000000,122017,R,Other,Other,,4.375,4.375,0,148000,,123997.38,360,72009,92009,100,260,260,82039,71,71,3,29,754,810,N,C,SF,2,P,PR,41980,7,,FRM,N,N,,,0,,N,,,,,,,,,,,,,,,,,,,,,,,,,,,,,,,,N,,,,,,,N,,,,,,N,,,,,,,,,,,,,,,,N,,,
102458000000,12018,R,Other,Other,,4.375,4.375,0,148000,,123710.51,360,72009,92009,101,259,259,82039,71,71,3,29,754,810,N,C,SF,2,P,PR,41980,7,,FRM,N,N,,,0,,N,,,,,,,,,,,,,,,,,,,,,,,,,,,,,,,,N,,,,,,,N,,,,,,N,,,,,,,,,,,,,,,,N,,,
102458000000,22018,R,Other,Other,,4.375,4.375,0,148000,,123422.6,360,72009,92009,102,258,258,82039,71,71,3,29,754,810,N,C,SF,2,P,PR,41980,7,,FRM,N,N,,,0,,N,,,,,,,,,,,,,,,,,,,,,,,,,,,,,,,,N,,,,,,,N,,,,,,N,,,,,,,,,,,,,,,,N,,,
102458000000,32018,R,Other,Other,,4.375,4.375,0,148000,,123133.64,360,72009,92009,103,257,257,82039,71,71,3,29,754,810,N,C,SF,2,P,PR,41980,7,,FRM,N,N,,,0,,N,,,,,,,,,,,,,,,,,,,,,,,,,,,,,,,,N,,,,,,,N,,,,,,N,,,,,,,,,,,,,,,,N,,,
102458000000,42018,R,Other,Other,,4.375,4.375,0,148000,,122843.62,360,72009,92009,104,256,256,82039,71,71,3,29,754,810,N,C,SF,2,P,PR,41980,7,,FRM,N,N,,,0,,N,,,,,,,,,,,,,,,,,,,,,,,,,,,,,,,,N,,,,,,,N,,,,,,N,,,,,,,,,,,,,,,,N,,,
102458000000,52018,R,Other,Other,,4.375,4.375,0,148000,,122552.55,360,72009,92009,105,255,255,82039,71,71,3,29,754,810,N,C,SF,2,P,PR,41980,7,,FRM,N,N,,,0,,N,,,,,,,,,,,,,,,,,,,,,,,,,,,,,,,,N,,,,,,,N,,,,,,N,,,,,,,,,,,,,,,,N,,,
102458000000,62018,R,Other,Other,,4.375,4.375,0,148000,,122260.42,360,72009,92009,106,254,254,82039,71,71,3,29,754,810,N,C,SF,2,P,PR,41980,7,,FRM,N,N,,,0,,N,,,,,,,,,,,,,,,,,,,,,,,,,,,,,,,,N,,,,,,,N,,,,,,N,,,,,,,,,,,,,,,,N,,,
102458000000,72018,R,Other,Other,,4.375,4.375,0,148000,,121967.22,360,72009,92009,107,253,253,82039,71,71,3,29,754,810,N,C,SF,2,P,PR,41980,7,,FRM,N,N,,,0,,N,,,,,,,,,,,,,,,,,,,,,,,,,,,,,,,,N,,,,,,,N,,,,,,N,,,,,,,,,,,,,,,,N,,,
102458000000,82018,R,Other,Other,,4.375,4.375,0,148000,,121672.95,360,72009,92009,108,252,252,82039,71,71,3,29,754,810,N,C,SF,2,P,PR,41980,7,,FRM,N,N,,,0,,N,,,,,,,,,,,,,,,,,,,,,,,,,,,,,,,,N,,,,,,,N,,,,,,N,,,,,,,,,,,,,,,,N,,,
102458000000,92018,R,Other,Other,,4.375,4.375,0,148000,,121377.61,360,72009,92009,109,251,251,82039,71,71,3,29,754,810,N,C,SF,2,P,PR,41980,7,,FRM,N,N,,,0,,N,,,,,,,,,,,,,,,,,,,,,,,,,,,,,,,,N,,,,,,,N,,,,,,N,,,,,,,,,,,,,,,,N,,,
102458000000,102018,R,Other,Other,,4.375,4.375,0,148000,,121081.19,360,72009,92009,110,250,250,82039,71,71,3,29,754,810,N,C,SF,2,P,PR,41980,7,,FRM,N,N,,,0,,N,,,,,,,,,,,,,,,,,,,,,,,,,,,,,,,,N,,,,,,,N,,,,,,N,,,,,,,,,,,,,,,,N,,,
102458000000,112018,R,Other,Other,,4.375,4.375,0,148000,,120783.69,360,72009,92009,111,249,249,82039,71,71,3,29,754,810,N,C,SF,2,P,PR,41980,7,,FRM,N,N,,,0,,N,,,,,,,,,,,,,,,,,,,,,,,,,,,,,,,,N,,,,,,,N,,,,,,N,,,,,,,,,,,,,,,,N,,,
102458000000,122018,R,Other,Other,,4.375,4.375,0,148000,,120485.11,360,72009,92009,112,248,248,82039,71,71,3,29,754,810,N,C,SF,2,P,PR,41980,7,,FRM,N,N,,,0,,N,,,,,,,,,,,,,,,,,,,,,,,,,,,,,,,,N,,,,,,,N,,,,,,N,,,,,,,,,,,,,,,,N,,,
102458000000,12019,R,Other,Other,,4.375,4.375,0,148000,,120185.44,360,72009,92009,113,247,247,82039,71,71,3,29,754,810,N,C,SF,2,P,PR,41980,7,,FRM,N,N,,,0,,N,,,,,,,,,,,,,,,,,,,,,,,,,,,,,,,,N,,,,,,,N,,,,,,N,,,,,,,,,,,,,,,,N,,,
102458000000,22019,R,Other,Other,,4.375,4.375,0,148000,,119884.68,360,72009,92009,114,246,246,82039,71,71,3,29,754,810,N,C,SF,2,P,PR,41980,7,,FRM,N,N,,,0,,N,,,,,,,,,,,,,,,,,,,,,,,,,,,,,,,,N,,,,,,,N,,,,,,N,,,,,,,,,,,,,,,,N,,,
102458000000,32019,R,Other,Other,,4.375,4.375,0,148000,,119582.82,360,72009,92009,115,245,245,82039,71,71,3,29,754,810,N,C,SF,2,P,PR,41980,7,,FRM,N,N,,,0,,N,,,,,,,,,,,,,,,,,,,,,,,,,,,,,,,,N,,,,,,,N,,,,,,N,,,,,,,,,,,,,,,,N,,,
102458000000,42019,R,Other,Other,,4.375,4.375,0,148000,,119279.86,360,72009,92009,116,244,244,82039,71,71,3,29,754,810,N,C,SF,2,P,PR,41980,7,,FRM,N,N,,,0,,N,,,,,,,,,,,,,,,,,,,,,,,,,,,,,,,,N,,,,,,,N,,,,,,N,,,,,,,,,,,,,,,,N,,,
102458000000,52019,R,Other,Other,,4.375,4.375,0,148000,,118975.79,360,72009,92009,117,243,243,82039,71,71,3,29,754,810,N,C,SF,2,P,PR,41980,7,,FRM,N,N,,,0,,N,,,,,,,,,,,,,,,,,,,,,,,,,,,,,,,,N,,,,,,,N,,,,,,N,,,,,,,,,,,,,,,,N,,,
102458000000,62019,R,Other,Other,,4.375,4.375,0,148000,,118670.62,360,72009,92009,118,242,242,82039,71,71,3,29,754,810,N,C,SF,2,P,PR,41980,7,,FRM,N,N,,,0,,N,,,,,,,,,,,,,,,,,,,,,,,,,,,,,,,,N,,,,,,,N,,,,,,N,,,,,,,,,,,,,,,,N,,,
102458000000,72019,R,Other,Other,,4.375,4.375,0,148000,,118364.33,360,72009,92009,119,241,241,82039,71,71,3,29,754,810,N,C,SF,2,P,PR,41980,7,,FRM,N,N,,,0,,N,,,,,,,,,,,,,,,,,,,,,,,,,,,,,,,,N,,,,,,,N,,,,,,N,,,,,,,,,,,,,,,,N,,,
102458000000,82019,R,Other,Other,,4.375,4.375,0,148000,,118056.93,360,72009,92009,120,240,240,82039,71,71,3,29,754,810,N,C,SF,2,P,PR,41980,7,,FRM,N,N,,,0,,N,,,,,,,,,,,,,,,,,,,,,,,,,,,,,,,,N,,,,,,,N,,,,,,N,,,,,,,,,,,,,,,,N,,,
102458000000,92019,R,Other,Other,,4.375,4.375,0,148000,,117748.41,360,72009,92009,121,239,239,82039,71,71,3,29,754,810,N,C,SF,2,P,PR,41980,7,,FRM,N,N,,,0,,N,,,,,,,,,,,,,,,,,,,,,,,,,,,,,,,,N,,,,,,,N,,,,,,N,,,,,,,,,,,,,,,,N,,,
102458000000,102019,R,Other,Other,,4.375,4.375,0,148000,,117438.76,360,72009,92009,122,238,238,82039,71,71,3,29,754,810,N,C,SF,2,P,PR,41980,7,,FRM,N,N,,,0,,N,,,,,,,,,,,,,,,,,,,,,,,,,,,,,,,,N,,,,,,,N,,,,,,N,,,,,,,,,,,,,,,,N,,,
102458000000,112019,R,Other,Other,,4.375,4.375,0,148000,,117127.98,360,72009,92009,123,237,237,82039,71,71,3,29,754,810,N,C,SF,2,P,PR,41980,7,,FRM,N,N,,,0,,N,,,,,,,,,,,,,,,,,,,,,,,,,,,,,,,,N,,,,,,,N,,,,,,N,,,,,,,,,,,,,,,,N,,,
102458000000,122019,R,Other,Other,,4.375,4.375,0,148000,,116816.07,360,72009,92009,124,236,236,82039,71,71,3,29,754,810,N,C,SF,2,P,PR,41980,7,,FRM,N,N,,,0,,N,,,,,,,,,,,,,,,,,,,,,,,,,,,,,,,,N,,,,,,,N,,,,,,N,,,,,,,,,,,,,,,,N,,,
102458000000,12020,R,Other,Other,,4.375,4.375,0,148000,,116503.02,360,72009,92009,125,235,235,82039,71,71,3,29,754,810,N,C,SF,2,P,PR,41980,7,,FRM,N,N,,,0,,N,,,,,,,,,,,,,,,,,,,,,,,,,,,,,,,,N,,,,,,,N,,,,,,N,,,,,,,,,,,,,,,,N,,,
102458000000,22020,R,Other,Other,,4.375,4.375,0,148000,,116188.83,360,72009,92009,126,234,234,82039,71,71,3,29,754,810,N,C,SF,2,P,PR,41980,7,,FRM,N,N,,,0,,N,,,,,,,,,,,,,,,,,,,,,,,,,,,,,,,,N,,,,,,,N,,,,,,N,,,,,,,,,,,,,,,,N,,,
102458000000,32020,R,Other,Other,,4.375,4.375,0,148000,,115873.5,360,72009,92009,127,233,233,82039,71,71,3,29,754,810,N,C,SF,2,P,PR,41980,7,,FRM,N,N,,,0,,N,,,,,,,,,,,,,,,,,,,,,,,,,,,,,,,,N,,,,,,,N,,,,,,N,,,,,,,,,,,,,,,,N,,,
102458000000,42020,R,Other,Other,,4.375,4.375,0,148000,,115557.02,360,72009,92009,128,232,232,82039,71,71,3,29,754,810,N,C,SF,2,P,PR,41980,7,,FRM,N,N,,,0,0,N,,,,,,,,,,,,,,,,,,,,,,,,,,,,,,,,N,,,,,,,N,,,,,,N,,,,,,,,,,,,,,,7,N,,,7
102458000000,52020,R,Other,Other,,4.375,4.375,0,148000,,115239.38,360,72009,92009,129,231,231,82039,71,71,3,29,754,810,N,C,SF,2,P,PR,41980,7,,FRM,N,N,,,0,0,N,,,,,,,317.64,,,,,,,,,,,,,,,,,,,,,,,,,N,,,,,,,N,,,,,,N,,,,,,,,,,,,,,,7,N,,,7
102458000000,62020,R,Other,Other,,4.375,4.375,0,148000,,114920.58,360,72009,92009,130,230,230,82039,71,71,3,29,754,810,N,C,SF,2,P,PR,41980,7,,FRM,N,N,,,0,0,N,,,,,,,318.8,,,,,,,,,,,,,,,,,,,,,,,,,N,,,,,,,N,,,,,,N,,,,,,,,,,,,,,,7,N,,,7
